Price;Healthcare_1
59174,77803;1575
63136,85988;645
64927,35871;1046
65949,31588;1046
66421,73669;1940
66722,59692;32
66831,99437;1145
68185,04314;1046
68580,78152;320
68663,01139;1046
69623,75319;1046
69748,50095;520
69863,26253;1322
71057,27335;145
71123,60628;145
71291,54616;900
71608,28072;750
72430,58844;990
72435,02403;4129
72950,87087;1084
73312,98666;2672
73487,11685;1046
74181,16375;900
74355,56432;1046
75234,3013;125
76470,71673;1786
76652,04121;30
77093,06945;30
77353,05626;1183
77835,18581;1406
78030,68452;705
78388,80619;2857
79913,26786;125
79969,92629;1046
80536,16938;1046
80575,63417;1046
82342,77587;800
83387,12318;1046
83511,82906;200
83754,8998;1046
84577,91867;1130
84733,33566;645
84747,82408;46
84808,02943;75
85219,12018;80
85312,11076;705
85314,24742;1547
85384,51251;520
85423,59113;540
85476,34622;3300
85496,55294;730
85499,96933;1940
85622,93272;900
85657,53796;810
85692,70867;750
85708,21925;4129
85731,74908;1894
85770,442;645
85840,13185;4508
85910,68526;30
85944,15823;4087
86108,83432;176
86144,25304;1046
86299,05584;2672
86392,75817;325
86480,95622;2300
86504,50305;1575
86661,37164;1130
86706,4135;770
86821,61952;325
86902,57889;990
86954,72454;1322
87048,09015;990
87182,52338;2300
87214,36188;325
87228,77406;2643
87244,78403;30
87265,39904;620
87268,09897;1940
87383,12306;1145
87419,69686;2857
87456,52004;1046
87463,72922;1970
87476,30183;1430
87556,38562;705
87629,08453;2672
87733,49712;240
87752,1076;30
87772,41858;1786
87826,82409;2301
88125,10047;1145
88173,67119;165
88212,178;990
88274,23202;30
88720,32492;320
88871,75023;2857
88909,21497;1970
88967,9218;125
89084,32788;2300
89269,18817;2620
89294,96899;2620
89659,18779;628
89660,58312;1015
89683,29678;1130
89697,70731;2300
89882,13491;4702
89915,71787;240
89917,92305;645
89951,54308;125
89959,59141;1046
90008,8366;620
90191,64806;165
90223,85768;4087
90314,53234;2890
90470,43083;705
90508,33849;1894
90550,02461;1322
90753,17252;1183
90782,5252;1322
90930,79842;770
90971,10322;30
91001,57206;2890
91080,64008;1046
91098,21451;30
91134,02389;125
91168,98578;900
91226,8601;1046
91329,60594;1937
91443,03093;540
91594,31554;3300
91611,58709;80
91660,87768;125
91735,78169;176
91785,48846;645
91840,25273;30
91844,70159;325
91849,92867;2729
92018,72196;645
92135,01867;1046
92275,91003;4508
92295,06403;990
92320,05017;1046
92345,04441;628
92607,54461;1046
93834,25293;2078
94025,4641;2300
94112,08029;1046
94194,14112;1084
95473,43699;1046
95614,13786;1322
95630,51939;2300
96066,2287;240
96085,13328;2078
97026,19085;540
97310,94198;750
97464,32734;240
97480,84579;165
97808,44418;1084
98321,72931;1084
98858,01669;2300
99110,57739;1046
99667,89366;1084
99930,02584;1084
99930,77698;1046
100033,4109;1084
100378,0109;2078
100471,9526;240
100686,9182;1046
101123,7331;540
101530,297;1130
101646,5423;1084
102046,2053;30
102227,3132;1046
102395,7889;2857
102406,6769;1084
102434,3336;645
102551,6199;750
102577,5412;1406
102666,1918;1046
102859,9344;1084
103156,276;1084
103698,3967;1084
103868,7794;1145
104304,241;1084
104500,2943;100
105055,1704;540
105134,287;645
105539,5563;645
105567,2966;750
105638,5167;1084
105815,2285;1084
105921,0182;1046
106112,4396;1046
106150,1162;645
106866,2487;1084
106975,34;1084
107067,4276;1084
107175,8;1894
107492,1655;1046
107658,0137;30
107720,9529;750
107968,5493;540
107970,4586;540
108232,6476;1548
108379,8898;350
108599,3973;1084
108658,6942;1046
109034,4513;1084
109261,3316;1084
109274,6453;1046
109553,1295;1046
109651,7029;1084
109734,5884;750
109772,5547;730
109844,4455;750
110158,2028;30
110286,8213;1046
110295,3527;1084
110407,1403;1084
110488,251;540
110861,4487;628
110942,9706;1084
111003,8432;1084
111490,4427;540
111578,3925;750
111851,4478;1046
112075,0452;1084
112257,5224;750
112394,5082;1084
112411,2217;125
112609,6381;750
112753,103;1084
112775,129;2672
112780,4719;1084
112872,9955;540
112882,7274;750
113139,8144;1084
113277,5919;750
113607,1083;2857
113617,2196;540
113751,3046;1046
113791,9507;750
113846,1238;1937
113886,9869;2620
113898,4781;1084
113913,688;1937
114086,0652;750
114105,8964;750
114118,2492;1084
114140,8575;540
114546,1147;2300
114672,7682;540
114690,5435;540
114696,0597;1547
114878,8307;540
114949,1067;1084
115127,9698;750
115205,6128;540
115290,658;176
115342,2229;800
115371,161;1406
115403,9775;125
115477,5466;540
115528,3558;200
115663,9585;750
115728,5511;750
115791,9905;1575
115837,0707;1046
115845,8615;1548
116061,9056;1046
116091,3772;1084
116444,4538;200
116553,6254;1046
116642,9838;1084
116661,5955;1994
116715,8242;750
116734,3671;540
116772,4773;540
116920,1054;750
116981,4431;540
116994,085;628
117125,2918;1084
117188,6422;540
117226,7454;750
117242,4181;262
117408,4237;2300
117454,0549;1046
117579,3978;4508
117647,461;1046
117667,7428;80
117729,4481;1183
117764,0267;750
117904,9042;1970
118004,83;1937
118035,1595;540
118038,5616;2300
118059,0061;30
118094,7494;540
118142,7768;540
118162,886;1547
118166,4747;1084
118235,1484;540
118410,9741;1548
118414,9984;1084
118505,4736;540
118629,6857;1322
118665,8494;540
118900,6348;1894
119191,5072;240
119262,377;540
119472,1464;750
119710,5062;540
119853,8316;1450
120035,8376;46
120073,5587;540
120394,5107;2300
120509,8334;540
120519,5519;540
120670,1018;750
120686,0311;1046
120714,8958;540
120738,9379;540
120802,2068;1046
120832,3691;80
120833,4212;1084
121076,5853;540
121115,8919;540
121120,3235;1084
121189,9321;540
121198,1822;540
121314,5146;1084
121387,7113;1084
121691,6056;540
121825,1077;540
121844,0298;200
121894,9377;1046
122001,9487;540
122011,9538;540
122043,1058;540
122122,0988;540
122173,2434;30
122201,7219;540
122246,605;1183
122254,1055;540
122381,6506;540
122413,3154;1046
122496,9472;30
122600,507;1084
122650,9491;30
122670,4715;1084
122712,5311;32
122731,0059;1084
122789,8534;540
122806,0749;30
122846,8158;2643
122896,4187;1046
122922,1896;540
122959,4527;2729
123018,1767;750
123044,2137;540
123124,6905;540
123219,3435;540
123275,8168;540
123280,9098;2300
123304,3404;2078
123564,4488;1046
123799,4862;1575
123984,9985;540
124016,6673;30
124016,8514;540
124034,5141;540
124050,2185;1046
124121,2195;1548
124179,7028;1937
124346,8525;30
124367,4543;750
124406,8998;1046
124458,1958;540
124480,6155;540
124508,5222;540
124593,8781;165
124718,5252;1548
124844,9329;645
125012,3147;30
125032,7158;30
125040,3431;1084
125239,3794;1046
125253,0722;1046
125266,2515;540
125312,6505;990
125313,4413;30
125315,1713;750
125319,718;1084
125447,1388;540
125579,3152;2857
125584,9584;645
125612,6391;540
125623,4289;540
125635,8341;750
125653,0452;1046
125687,9706;1046
125700,9786;30
125715,3315;540
125722,6615;1937
125817,7095;370
125984,9769;1036
126046,8033;1036
126080,5712;540
126124,7265;540
126209,0756;30
126243,3713;540
126266,8839;540
126281,1428;1046
126347,1391;540
126401,2764;540
126484,0344;1084
126557,6154;1547
126650,6864;540
126700,5441;540
126701,8;4087
126751,4511;1046
126752,4493;540
126805,8856;540
126918,4706;1937
126925,7952;540
126976,982;1046
126995,1302;540
127053,8954;30
127068,2159;540
127196,762;540
127233,2896;540
127243,7731;540
127276,6439;540
127343,2937;1046
127353,7538;1183
127493,3284;540
127557,0764;540
127563,3441;540
127565,4495;370
127586,9957;750
127641,2131;30
127778,6259;540
127997,0311;540
128043,3558;540
128577,9406;1548
128588,7413;540
128619,0281;240
128649,1911;1046
128710,4723;540
128758,093;2643
128808,0874;1937
128832,5353;2300
128912,0979;240
128959,8525;540
128963,5835;540
129020,3903;540
129130,7316;540
129198,8603;1046
129202,6526;1046
129277,6414;30
129353,5665;1430
129364,3515;1046
129371,8947;540
129373,2909;540
129395,9575;1548
129409,3938;540
129466,2428;125
129568,8567;1430
129606,2829;540
129675,0607;540
129760,3257;540
129781,3427;30
129815,3714;540
129867,0992;900
129912,8634;30
129982,6018;540
130020,7563;240
130096,0221;1046
130155,2548;750
130215,3439;200
130259,9389;1046
130342,9681;540
130365,0269;750
130409,4706;540
130416,0732;30
130451,1199;2672
130455,6414;540
130466,4968;540
130471,6468;540
130500,6979;2857
130517,962;30
130549,378;540
130583,9727;1046
130601,4868;540
130621,2562;30
130633,1995;1084
130636,7105;540
130648,0786;540
130695,4535;750
130799,8318;1084
130897,3733;30
130914,1067;1430
130947,5855;30
130953,1091;540
130980,3978;1084
131026,3071;1340
131030,8476;540
131103,9587;30
131115,5789;30
131226,3319;165
131261,7753;2300
131271,9244;540
131361,6355;1046
131405,8669;540
131582,1389;1130
131646,8259;540
131695,4602;1430
131780,6276;540
131908,2114;1046
131912,8535;750
131950,1336;165
131970,5836;1970
131981,4844;990
132007,7499;540
132023,0969;540
132039,4223;1046
132042,5228;540
132053,1012;1183
132094,2426;1937
132162,8089;540
132176,744;705
132204,758;1322
132233,0942;30
132336,8418;1084
132376,6371;750
132427,9876;1548
132437,7723;540
132634,9131;30
132711,3956;1308
132719,9788;1322
132899,5374;1046
132962,2994;750
132971,0656;30
133031,5873;1046
133039,3831;1046
133039,9402;1046
133042,2658;30
133042,6168;370
133072,2795;540
133124,2604;990
133131,0158;750
133135,5155;1084
133166,0128;540
133166,1635;1046
133188,8183;30
133193,8513;628
133446,6159;1183
133448,169;540
133529,6816;1046
133531,8862;30
133552,3721;540
133754,493;1183
133960,1875;30
134087,3978;1046
134109,5419;30
134145,7781;540
134320,3862;30
134374,9437;750
134376,0814;750
134393,0003;1547
134462,4892;540
134534,6515;320
134657,6594;125
134827,3172;1183
134888,0836;540
134903,173;1894
134910,7156;30
134922,6416;540
134933,0043;30
134975,0066;1015
135062,8013;540
135102,9027;540
135117,42;30
135154,8266;200
135164,7809;540
135166,2279;540
135202,0677;1046
135205,0357;1046
135222,744;540
135273,8048;145
135358,4633;540
135399,6895;30
135429,5404;2078
135430,6115;1046
135431,8936;750
135481,8164;540
135482,0273;540
135572,8945;125
135752,6489;540
135793,7511;370
135796,2792;750
135930,202;1084
135953,3986;1084
135994,1395;540
136059,3877;750
136120,7414;750
136126,4252;1548
136197,1172;540
136206,6668;540
136316,5488;540
136359,9246;1183
136382,0789;1183
136401,7256;30
136477,7243;1084
136562,3464;540
136584,644;370
136609,8098;1183
136624,1547;35
136715,0205;1183
136744,3408;30
136800,1593;30
136831,39;540
136864,679;1937
136888,4512;192
136963,3234;30
137045,0646;30
137106,2865;30
137111,3481;750
137232,7697;1183
137280,9864;125
137283,7822;540
137341,5995;750
137389,0351;540
137399,6647;30
137434,7684;30
137445,3258;30
137505,3433;1548
137527,4871;30
137595,6108;30
137595,7529;540
137597,6015;540
137651,9657;1406
137739,0488;1046
137778,6626;1183
137808,5715;1046
137820,1159;540
137906,3932;540
138026,7354;1046
138060,9379;540
138061,7587;30
138127,0744;540
138132,4255;4087
138202,2408;30
138230,1494;540
138246,2485;540
138250,1498;1046
138357,7333;30
138357,7573;1183
138396,5149;520
138609,5585;125
138708,3286;750
138718,922;1183
138811,3372;750
138880,2545;30
138976,8786;1015
138985,3283;540
139010,6805;2078
139025,785;30
139027,3022;1130
139050,3426;1046
139253,9406;540
139281,2711;30
139370,9412;200
139401,1751;30
139419,8222;2620
139450,9263;240
139507,7634;1084
139561,7983;2672
139575,7915;810
139601,0895;540
139635,0826;30
139657,147;1548
139715,7518;2620
139732,0379;540
139765,0426;30
139769,8888;30
139794,6098;540
139968,8246;540
139989,3205;1046
140034,8365;540
140036,1981;1894
140048,8023;2729
140085,3496;2078
140142,534;1183
140319,9561;1430
140349,4569;540
140371,2105;30
140393,8875;1183
140399,6973;540
140435,131;325
140529,9546;540
140534,9531;540
140559,0695;540
140783,7716;1937
140916,7448;540
140938,7528;1548
140960,9741;30
140995,3987;1547
141084,7677;705
141183,0229;2643
141399,2856;240
141430,5238;540
141432,0263;540
141510,64;540
141620,0528;1430
141704,7968;30
141841,8033;1937
141855,8965;990
141876,2899;730
141932,9235;540
141934,8453;2301
142037,2664;1036
142044,9062;1548
142065,0348;540
142079,3528;1046
142172,9071;2857
142218,7979;30
142269,2681;2300
142334,9642;240
142402,7393;80
142441,8906;540
142451,308;192
142617,0249;4087
142654,4459;30
142678,9218;1548
142799,4341;2857
142811,2522;540
142831,1766;2078
142874,0818;30
142974,3982;1015
143018,0493;30
143023,4455;30
143098,9573;165
143120,9047;730
143121,9755;4087
143141,5795;240
143150,1419;730
143185,4277;1046
143235,9815;30
143264,5678;1046
143319,1806;1145
143375,4139;730
143405,9106;1937
143413,3417;540
143442,0336;30
143499,8052;1046
143671,4169;1894
143692,7827;30
143700,6654;1145
143728,7651;2300
143799,0702;1940
143825,6772;30
143831,4063;1084
143859,3266;30
143913,8458;30
143941,7558;1430
143962,721;1046
144018,584;1937
144182,1594;200
144214,5675;1894
144224,8207;30
144283,3567;540
144290,4353;540
144307,419;125
144395,6166;540
144418,5361;125
144430,735;1046
144473,5652;1548
144534,046;30
144578,1276;2078
144605,5056;2643
144613,5679;2672
144673,313;30
144789,4136;370
144884,9025;192
144948,6111;540
145015,0675;1046
145128,2868;4087
145128,3006;262
145198,8103;1084
145230,7437;1036
145258,3954;1084
145306,6356;1937
145337,7342;1084
145385,1861;4129
145413,5615;540
145428,8515;540
145439,441;1046
145532,7499;540
145660,7643;1322
145664,7081;1084
145747,6247;1084
145764,994;1937
145803,8282;1894
145822,098;540
145834,2208;125
145915,9514;540
145941,5553;3300
145970,7528;540
145985,6244;3300
146005,7886;2729
146032,8298;1406
146043,798;1036
146060,0969;770
146061,7306;176
146084,5863;2300
146159,4985;1084
146183,961;1046
146198,6255;990
146258,0108;1548
146350,7967;30
146427,3877;200
146446,7322;1046
146456,6459;540
146521,9681;540
146525,634;30
146636,5934;125
146663,5912;1340
146838,0369;990
146950,9124;540
147017,7581;1322
147019,9476;1548
147028,4055;540
147032,1368;30
147065,2037;1183
147082,6695;540
147100,9738;1130
147119,8528;3855
147209,6749;30
147258,7366;2857
147260,5422;1036
147271,4427;2643
147274,3697;165
147345,6682;4087
147369,4396;1894
147375,1635;1036
147414,2587;2078
147480,9215;30
147514,7194;125
147558,6563;540
147558,8277;1015
147568,7134;1046
147570,4299;262
147584,9883;1430
147636,7604;1183
147639,0289;540
147647,0076;730
147702,6463;30
147727,0424;1084
147861,1956;1046
147890,8729;1937
147907,8509;1322
147956,0823;80
147964,4691;4129
148027,3967;30
148028,7224;30
148124,0716;540
148150,8288;320
148170,5438;730
148170,922;1322
148208,6577;1406
148218,8042;900
148282,9824;240
148342,6113;1084
148357,4553;730
148394,4588;30
148429,3595;1406
148458,941;30
148532,7601;730
148546,7395;30
148576,6927;125
148583,3736;30
148593,578;1937
148657,6168;2715
148657,6185;540
148682,1692;645
148771,8676;2078
148775,8049;1547
148828,8646;2857
148991,2652;1406
149017,2186;3855
149055,2776;990
149134,4035;262
149194,2216;1406
149242,5306;165
149246,6561;1308
149286,7909;1145
149298,5046;30
149302,9151;1548
149310,0982;30
149562,5164;240
149632,4826;1084
149660,0824;1430
149679,1463;730
149711,779;240
149725,7104;1548
149787,1043;2857
149846,281;1015
149875,0476;540
149934,9261;810
149976,6045;900
150018,5516;320
150040,8051;830
150095,3383;2078
150114,9773;1046
150136,6105;1046
150226,5316;2078
150305,925;1015
150409,4647;30
150469,9356;540
150495,6545;540
150513,4749;730
150520,0598;750
150523,8158;2300
150538,911;1430
150556,72;1046
150721,4276;2300
150775,3103;750
150803,646;4087
150805,5705;30
150815,0606;1046
150822,6816;1046
150824,9188;240
150826,0038;30
150828,4811;2672
150964,4045;540
151062,7804;262
151069,4759;165
151123,7444;730
151148,2318;125
151151,3211;540
151159,0743;1130
151179,6342;540
151185,9312;540
151234,5492;30
151255,3282;1322
151266,8762;1145
151281,5994;125
151319,5154;1937
151335,6884;1015
151353,3007;30
151365,633;540
151394,2469;1130
151399,1175;4087
151407,1854;750
151432,0117;125
151461,1225;30
151480,681;900
151516,8365;900
151557,9048;1084
151594,7266;1406
151638,4759;325
151646,1078;370
151658,7849;540
151827,1779;125
151830,9569;2078
151846,9359;540
151947,4856;540
151959,7121;1130
152005,0826;125
152011,0062;1046
152150,5708;540
152163,1747;1145
152186,304;2078
152187,7506;125
152403,0526;1894
152517,0806;1015
152555,7605;1430
152573,6989;1130
152588,4298;350
152631,0903;730
152641,3988;1183
152655,2832;1450
152679,8854;1322
152693,6558;2078
152737,9848;750
152762,8659;750
152803,2322;1340
152838,6365;900
152850,1336;1084
153017,9449;990
153038,2195;125
153047,272;30
153201,7679;540
153209,563;240
153254,7722;2078
153270,2391;540
153296,9802;540
153435,7491;645
153550,0328;540
153554,5992;4087
153566,6044;325
153591,5516;1046
153615,6982;540
153639,8468;1046
153688,6849;125
153834,1587;30
153836,5057;1046
153912,0445;990
153918,5282;30
153924,1624;1145
154000,6734;2729
154030,2051;1548
154046,4566;2729
154071,2314;730
154119,3123;540
154154,1165;125
154162,2366;1937
154170,219;2300
154174,8367;30
154196,6194;540
154268,3667;730
154366,0312;540
154431,4376;4087
154478,3091;1084
154480,968;2300
154546,6961;540
154585,9833;540
154603,6591;540
154711,9179;810
154719,7442;145
154841,3214;1183
154843,8972;1430
154860,027;1183
154928,8099;1036
154935,472;540
154955,818;3300
154970,5918;30
155035,545;1036
155064,177;1937
155127,6024;1046
155144,0192;3855
155159,6519;145
155180,6991;4508
155188,2519;2857
155224,2277;540
155277,4776;325
155348,8336;1046
155383,0937;1084
155440,8206;1322
155443,6113;540
155487,3561;1406
155488,899;1940
155493,8963;1937
155518,2234;540
155519,7516;750
155533,375;705
155549,2736;1084
155654,6532;750
155726,7554;645
155736,0946;540
155749,3906;350
155751,1344;1547
155767,031;810
155789,5133;540
155874,883;2857
155981,3977;540
155988,9905;770
156006,9813;750
156028,3696;990
156073,8693;990
156228,3785;2857
156234,7873;1340
156287,3659;1937
156324,7395;1937
156375,02;730
156526,5059;540
156561,2298;1183
156611,4719;2300
156647,131;990
156658,9692;2672
156705,7101;1130
156732,411;2672
156736,4501;990
156749,8086;1130
156871,1345;540
156904,1519;1308
156935,288;2620
156960,7117;145
156983,5435;1575
157290,1917;645
157367,7197;30
157391,056;2672
157499,1883;125
157522,5742;540
157562,1577;145
157711,7837;1894
157759,0265;1015
157767,9517;1322
157806,7131;540
157866,2805;750
157899,1825;1015
157933,3597;125
157977,7705;2301
158131,6309;750
158138,5588;540
158148,9365;750
158161,0609;540
158242,0963;145
158292,5737;2078
158294,7931;240
158302,1411;645
158318,3811;1084
158341,4803;540
158358,9038;540
158375,4755;900
158400,3757;125
158433,1688;2643
158474,2754;1548
158502,7701;1548
158535,6244;1406
158558,1176;645
158565,8341;1084
158582,8207;32
158589,6846;730
158600,5874;770
158608,1062;1130
158611,3944;1322
158618,4768;1084
158638,9223;30
158696,6761;730
158785,5317;2078
158796,5042;1322
158806,9811;990
158841,6571;100
158848,169;705
158854,5145;2078
158871,6574;730
158881,6727;800
159039,9569;2857
159064,6709;750
159112,0346;750
159149,5155;540
159150,5498;1406
159159,3083;1322
159180,3309;125
159185,2036;2300
159229,825;30
159292,2725;2715
159348,5902;900
159358,6295;1937
159383,9848;350
159438,9208;125
159451,011;2300
159470,0439;750
159558,3662;350
159623,0816;1937
159671,4704;30
159766,4429;1322
159864,7464;192
159908,9207;1548
159921,441;1970
160126,004;30
160137,6023;1046
160148,7423;750
160203,0944;1406
160222,402;1046
160230,1865;4508
160486,1377;1130
160513,4222;2643
160534,0504;2078
160581,6278;1183
160587,2404;1036
160660,6095;750
160694,5845;645
160709,9138;540
160716,6164;1130
160744,7868;1894
160762,9293;2857
160771,1812;1020
160779,5421;1015
160810,5467;2301
160821,0508;645
160835,7634;1430
160868,8097;1130
160887,0962;1406
160891,0738;1183
160915,6024;1894
160923,4926;2300
161042,9045;1406
161044,9441;2078
161087,9792;165
161201,7612;730
161215,9854;2078
161242,2395;1340
161259,101;2672
161263,4145;1322
161307,512;4508
161307,5256;1084
161354,5993;1575
161365,5748;1046
161374,725;1430
161403,094;1046
161413,2444;320
161435,8481;750
161446,3271;750
161461,6144;770
161528,0992;240
161569,9159;2857
161610,4844;1937
161663,6068;1084
161778,2122;1046
161778,4326;30
161789,5602;125
161825,4061;1046
161842,7948;1548
161845,7815;730
161854,6414;320
161963,6977;2078
161978,4703;240
162016,3714;990
162068,448;200
162087,1368;750
162105,0272;1322
162119,6575;1547
162124,1895;540
162128,364;1015
162139,9288;1084
162222,2951;30
162283,8253;810
162286,2223;1183
162309,9966;1322
162322,784;2857
162336,7213;1308
162406,6994;730
162424,3197;30
162453,1547;1548
162462,6049;1322
162479,8022;750
162481,3036;1015
162491,6085;1308
162495,6161;1046
162537,9963;2300
162543,9919;1130
162550,1573;1430
162556,8373;325
162571,8335;540
162575,9051;165
162624,8722;4087
162635,0971;2729
162639,9094;229
162643,2999;240
162666,875;1406
162688,6994;1937
162693,9878;165
162713,4497;30
162788,0793;2729
162795,1134;1548
162818,7164;32
162867,7519;125
162912,1909;1548
162922,3475;1046
162939,6255;370
162985,1166;645
163048,3551;1130
163087,2802;2715
163088,7803;750
163127,1004;32
163155,4767;1084
163180,4899;750
163193,8051;1308
163413,9331;1183
163432,2604;1322
163482,2825;30
163495,7818;125
163496,9662;1015
163575,561;750
163579,1306;750
163598,6959;750
163604,048;1084
163606,1079;540
163644,442;750
163673,1499;540
163681,4194;2078
163726,3938;730
163807,543;200
163869,9925;540
163874,5128;1894
163882,0031;2078
163885,5845;1046
163893,6959;1340
163942,1467;4508
164006,6188;1036
164010,8501;2300
164021,202;1340
164048,2445;628
164148,6319;800
164191,8728;1450
164242,2133;2729
164247,8835;2078
164356,2122;540
164367,9234;2672
164420,3345;540
164474,223;1322
164576,3823;145
164582,0726;1937
164632,6164;1046
164644,7296;1937
164648,823;900
164665,0824;750
164687,825;645
164773,1747;2715
164800,1742;1145
164924,3146;750
164936,4748;1084
165008,5771;645
165025,849;1183
165105,4023;1084
165112,8701;990
165135,9762;229
165167,4839;1406
165172,2009;1322
165218,9584;1575
165311,7609;325
165331,3637;1548
165392,5996;990
165446,7963;125
165451,6239;1046
165456,5047;1084
165460,2224;1970
165476,8071;1406
165486,3638;540
165500,0887;1937
165521,196;1046
165562,7097;1130
165574,6754;1046
165636,2331;2729
165695,6192;1046
165775,8769;262
165828,9196;1322
165869,6163;320
165879,3247;1130
165880,1451;240
165895,4869;1046
165908,6821;1084
165935,8102;30
165938,4534;30
165942,8556;1406
166071,8901;730
166112,8071;30
166133,9272;1340
166193,3903;30
166221,4702;30
166243,725;30
166271,5391;628
166288,6896;1937
166300,3651;540
166394,2549;1130
166431,9401;30
166469,3651;1084
166514,384;240
166555,8982;540
166615,963;1046
166642,5714;1130
166649,244;1894
166716,5312;990
166731,5323;3855
166750,6048;1937
166765,5075;810
166809,6522;2729
166809,6656;1084
166891,6028;1084
167052,884;145
167075,1512;540
167082,6311;1046
167093,7937;125
167118,3136;229
167148,0846;540
167155,9916;80
167161,7658;80
167178,3766;750
167203,8013;540
167235,2155;1046
167238,2833;2857
167239,3139;1548
167250,863;1308
167269,5667;1046
167290,4693;30
167300,0881;1937
167365,7172;1406
167383,5181;705
167418,2893;730
167457,3826;1145
167576,2097;320
167585,3531;1130
167656,6691;4508
167707,2846;1406
167829,1239;229
167848,8764;540
167850,1787;240
167876,8022;320
167947,2716;1406
167952,3748;990
167958,7582;1937
167968,0059;30
167968,6287;229
168032,8895;1145
168110,0766;1937
168150,1104;2500
168151,0137;1183
168154,8813;1406
168195,5371;540
168221,9833;1130
168241,8371;540
168269,6507;830
168367,471;1015
168382,662;240
168429,8922;325
168432,153;1145
168439,1923;1046
168504,9599;900
168514,4353;540
168581,5294;540
168600,6326;750
168601,9748;1340
168645,5502;540
168671,1385;750
168826,7911;540
168846,5657;750
168897,872;1406
168909,419;1340
168917,0217;540
168980,3708;540
168983,6707;1046
169001,6497;4087
169061,6696;900
169062,0251;730
169079,8811;540
169080,5236;540
169138,8399;2715
169161,7799;2078
169188,9369;750
169199,4599;1970
169217,7327;262
169309,8711;540
169322,9425;1406
169329,0518;4087
169333,5334;325
169344,9285;540
169369,9713;900
169393,9565;520
169460,7527;645
169489,5114;705
169528,8967;1084
169595,3814;540
169603,4269;645
169647,9016;2620
169711,3677;1036
169717,4917;1046
169730,1862;540
169771,5138;240
169809,7995;2672
169825,1822;325
169831,4394;1130
169850,2175;240
169876,7648;325
169913,8504;320
169929,0815;1340
169953,7988;1548
169973,788;1046
170108,1408;2857
170115,7235;1406
170134,9894;1406
170138,1417;240
170158,2006;1547
170189,4323;645
170229,2684;1937
170332,883;1894
170343,755;350
170347,7062;1046
170349,4193;1322
170390,834;240
170405,927;1430
170407,0992;810
170422,2538;540
170455,9307;1036
170511,2206;30
170574,3936;1046
170593,5865;125
170601,3913;320
170622,9413;2078
170733,816;1046
170743,1572;810
170770,1746;1322
170832,9265;1406
170847,4168;229
170873,7345;540
170893,6435;562
170900,2143;750
170901,6226;325
170904,985;1084
170935,0244;540
170988,65;1340
170996,0367;990
171010,5374;2729
171058,5198;229
171070,1846;1322
171077,4231;30
171087,8499;30
171134,7377;262
171231,5118;320
171266,9494;1322
171309,7457;320
171339,0274;1340
171441,3207;540
171474,1926;1406
171503,2496;1547
171515,6917;1322
171519,1233;750
171543,0594;540
171546,4006;2857
171571,9881;520
171624,05;145
171652,3745;2078
171709,5324;4129
171725,9309;2620
171727,8047;540
171739,1992;540
171744,3155;30
171750,1181;1894
171834,4074;1036
171842,4119;125
171848,0097;325
171852,3887;320
171874,7049;1547
171906,6418;540
171909,5349;540
171970,2926;1937
172021,9779;990
172106,6281;1322
172131,1796;262
172197,4122;1015
172267,8471;540
172289,8533;1084
172294,2406;540
172310,5383;32
172329,2709;30
172350,8675;30
172357,5987;1340
172374,7747;705
172378,5588;1183
172391,2372;540
172406,9979;1046
172476,8014;750
172556,8309;1406
172569,0321;520
172586,1741;1322
172602,1899;165
172608,5351;30
172668,3261;325
172715,7167;540
172761,4075;540
172777,3833;125
172778,1702;1450
172795,8671;1450
172840,6753;30
172845,8965;1322
172864,6118;1322
172887,5246;1145
172895,1068;240
172925,5407;1145
172947,1805;730
172983,1454;320
173146,324;2857
173155,7708;1970
173183,975;730
173209,1861;1046
173219,5181;540
173282,9589;30
173315,2002;1547
173324,6643;1183
173341,3296;4087
173358,4757;3855
173393,071;1145
173409,5317;1937
173432,026;645
173438,9766;705
173498,1944;1015
173591,8576;125
173602,7086;262
173629,3211;730
173654,5518;540
173656,6097;750
173714,4166;1145
173732,1387;540
173732,1826;540
173732,94;750
173739,1979;540
173783,2085;125
173792,6375;4087
173816,2462;540
173821,7631;1046
173834,6537;30
173868,0871;1015
173886,9931;240
173890,9229;800
173892,2996;1015
173907,4974;1406
173909,8117;75
173926,7802;750
173955,5566;1046
173987,1909;229
174020,9994;1575
174131,6276;1183
174136,1975;2620
174164,8674;240
174185,834;125
174204,3976;2300
174256,2658;1046
174274,4661;30
174360,7618;30
174444,0944;240
174497,1018;645
174517,0232;830
174552,2524;750
174651,878;1130
174686,5955;240
174696,4004;540
174698,9641;540
174735,1772;1046
174741,9981;540
174776,0317;240
174850,7426;125
174858,7717;540
174918,1664;1970
174921,8299;2715
174927,4062;1340
174950,2302;1183
175002,6651;750
175042,8167;540
175055,3679;3300
175058,6451;645
175062,6006;4087
175065,5046;540
175074,9188;325
175084,4154;30
175111,8076;4508
175157,5434;46
175204,8668;750
175229,6459;1183
175256,7789;990
175275,57;1084
175299,7398;1183
175320,9193;4508
175335,6728;240
175356,366;2300
175369,2719;810
175466,8455;1084
175476,0693;540
175492,1543;540
175501,7511;1084
175503,7676;1046
175521,6042;1937
175541,296;125
175545,3768;1046
175551,4499;80
175616,2272;1084
175623,5112;1130
175652,676;1994
175670,9922;30
175738,1253;1046
175741,0089;800
175765,2967;2672
175768,0137;540
175771,3835;1130
175774,7678;1450
175857,1015;30
175877,2476;540
175882,1547;810
175899,9783;540
175903,5749;229
175973,6948;1015
176004,7405;1970
176037,7813;750
176038,0684;240
176080,3915;1183
176104,6989;540
176104,8487;540
176123,9012;1046
176210,8123;2857
176216,7473;350
176248,3842;30
176317,0446;30
176344,8204;1937
176394,9681;2857
176486,7156;645
176538,4644;540
176556,5465;1548
176597,2981;1084
176640,6453;1575
176682,4871;540
176696,1916;2729
176717,5116;4087
176731,4317;30
176739,1741;176
176781,7074;30
176796,8121;900
176806,6434;1130
176915,2496;4508
176949,9534;1183
176979,7462;540
176980,3033;1322
176982,2136;229
176995,4132;1406
177090,1991;3855
177116,3397;540
177126,6938;750
177190,0991;1548
177191,7959;1015
177194,9095;2643
177231,3796;1015
177250,9405;2672
177258,1631;1548
177258,4801;2672
177309,8087;2301
177320,9996;2857
177351,0688;1183
177378,175;540
177399,5371;1183
177417,4919;145
177438,5529;2078
177449,7159;1084
177535,3737;1548
177542,676;645
177562,2922;2301
177568,223;125
177599,7666;240
177601,9379;562
177675,206;730
177677,925;1894
177688,2918;540
177710,6014;1046
177734,5534;1183
177755,7818;540
177760,2741;1183
177762,5388;540
177820,823;4508
177829,8146;1046
177830,9747;1322
177838,3824;540
177855,1832;1183
177857,5891;30
177863,0113;2078
177869,811;165
177875,7037;750
177896,1446;30
177899,4983;176
177914,7158;1046
177932,8625;1322
177948,133;1084
178002,2884;540
178056,2911;125
178099,0738;1130
178109,7162;30
178115,588;4129
178145,8975;540
178148,9779;540
178202,2446;1322
178225,1689;645
178240,0074;2729
178252,3452;990
178332,8263;1322
178342,5669;540
178429,6753;1015
178456,9736;540
178464,2506;2620
178471,1119;1406
178486,3858;540
178495,8787;2715
178517,6755;2078
178520,2214;229
178602,1543;30
178622,8574;30
178625,55;325
178631,002;2620
178673,3605;1036
178680,7693;540
178712,2278;1130
178780,6062;30
178800,2751;705
178829,1664;2078
178837,8211;540
178860,5915;645
178863,9868;540
178886,3227;1940
178894,7937;1450
178896,7859;1450
178907,0331;80
178917,8446;1145
178955,4973;540
178999,8231;192
179014,518;2672
179019,4458;990
179029,0955;1970
179047,8618;1894
179054,7415;540
179073,7531;2672
179144,8131;30
179180,5356;1020
179219,9816;540
179230,7026;1406
179300,1039;1322
179322,3902;1406
179333,7277;1450
179396,521;1970
179421,544;1046
179460,8881;370
179476,8105;750
179549,2865;165
179561,7803;645
179563,7378;990
179600,6586;325
179619,3555;1940
179619,5625;350
179633,1211;30
179639,0886;1322
179666,6023;1084
179683,5088;125
179744,7827;540
179754,6998;1084
179784,4733;240
179789,6568;540
179801,5664;2620
179831,1366;750
179856,1815;540
179886,4772;540
179905,2783;30
179986,1697;229
180026,2747;1548
180028,1818;240
180032,482;810
180054,6688;1084
180103,8577;1130
180178,8257;240
180182,5366;540
180201,5212;1046
180223,2673;1183
180234,142;30
180315,1909;1046
180322,97;1940
180351,7736;1894
180371,0167;540
180383,8975;750
180416,4011;540
180419,346;540
180420,5956;30
180434,8855;2715
180450,682;1970
180452,273;240
180467,6586;2729
180520,8076;540
180526,179;1937
180538,8989;1406
180577,9099;145
180600,1811;229
180638,6025;200
180646,7824;1036
180694,5703;30
180706,6412;750
180721,9316;1084
180727,6435;540
180904,387;1322
180923,1695;900
180928,2636;1183
180932,4562;30
180950,1501;2729
180979,5875;1036
181025,3971;2857
181063,8367;1084
181080,9118;1130
181099,2053;4129
181169,2567;1548
181197,701;2078
181252,5295;1406
181258,5696;1308
181260,8127;325
181273,8459;145
181279,7526;4129
181281,663;1322
181346,0846;1046
181420,8728;1548
181423,6339;30
181452,9211;1015
181463,2574;4087
181473,7194;1046
181495,7924;830
181535,3879;990
181595,3398;325
181625,3494;325
181626,1751;46
181631,0449;2672
181662,0823;1340
181688,3065;229
181726,764;165
181770,9623;4508
181789,3586;1937
181796,4762;750
181833,4258;350
181837,0529;990
181842,4613;705
181843,4216;3855
181878,4413;1937
181888,6516;730
181917,6394;1036
181919,9124;2500
181979,4955;1145
182072,612;540
182107,8646;30
182124,1792;1406
182131,9925;125
182164,7347;370
182195,5277;645
182214,417;1015
182230,9437;2729
182248,1868;1340
182258,5527;1183
182272,6102;1015
182289,7958;900
182323,5774;1130
182335,2506;540
182373,3248;645
182376,4057;1406
182384,1722;30
182408,9498;990
182427,1324;30
182436,6788;35
182452,7648;325
182453,436;1548
182459,5139;1145
182459,7743;229
182516,5582;370
182589,2339;1322
182602,287;125
182625,5489;540
182642,019;1046
182680,3101;645
182810,8053;540
182824,3099;1046
182886,6109;750
182893,6908;3855
182897,3008;125
182938,0725;165
182938,0787;229
182951,3662;1894
182961,0461;30
182962,5343;810
182979,4425;750
183046,5347;1183
183077,1866;1036
183096,5773;1046
183118,3965;30
183126,3644;1450
183144,8643;30
183147,4338;1036
183157,4625;750
183213,529;750
183251,3759;30
183283,8379;900
183295,1326;1406
183299,6224;1937
183301,8772;192
183318,3613;1322
183319,371;2857
183373,4267;1548
183403,5247;30
183431,4102;2300
183433,6165;30
183459,4024;540
183465,36;2300
183467,4078;1406
183485,285;1406
183489,3583;370
183490,3246;1937
183527,1247;540
183554,9801;1547
183561,0758;705
183583,4018;1937
183591,2063;540
183592,1369;325
183595,4068;1046
183619,2716;325
183622,4205;540
183658,9252;830
183683,2191;240
183697,0319;30
183715,4992;1322
183723,7627;80
183743,2305;1406
183744,9522;30
183761,7759;520
183784,6944;750
183792,8878;1322
183794,3662;750
183807,9611;730
183826,3165;125
183849,1143;1548
183849,5761;900
183888,8602;1183
183891,1473;4508
183893,2726;540
183906,7857;750
183927,8297;520
183928,3348;2672
183945,0277;2729
183947,14;990
183948,0053;620
183976,84;30
183977,9787;1894
184045,9236;2620
184050,4568;540
184083,3163;1322
184089,8529;540
184109,7629;325
184141,4918;1015
184164,4355;645
184172,9756;30
184191,1009;4508
184222,9591;2715
184243,9929;1183
184252,9805;325
184256,0093;1406
184258,3769;750
184264,293;1340
184267,9973;30
184275,8586;1940
184276,5028;1548
184294,6918;900
184303,1523;540
184324,1035;4508
184324,9218;240
184374,3285;540
184379,7675;145
184433,3532;540
184467,0062;192
184540,0355;1046
184554,3262;1183
184563,2655;125
184583,7492;540
184626,4902;4129
184633,7153;990
184646,6072;1937
184661,9751;645
184679,4631;1130
184713,7657;4087
184743,6633;1548
184772,1741;1308
184778,4733;2715
184778,9332;30
184799,7654;750
184806,2823;262
184849,2026;540
184850,1877;240
184873,0325;262
184885,6783;4087
184898,4683;2300
184937,0768;125
184949,2568;2643
184955,546;145
184968,3578;645
185030,5835;1575
185059,5703;240
185075,025;4129
185079,0707;3855
185083,5341;1547
185088,409;540
185139,3997;1183
185149,2516;645
185162,6306;540
185190,9845;1430
185203,2675;30
185219,5288;520
185230,3738;540
185325,8653;30
185338,8512;30
185365,7092;30
185366,4126;1046
185366,5957;2672
185388,7028;1937
185394,6091;4087
185492,3741;540
185518,5571;540
185587,2867;1046
185618,9399;1046
185670,5657;540
185700,2731;1130
185759,8819;3855
185779,6425;1970
185815,0053;1940
185878,3703;4849
185907,4101;240
185979,6876;540
185991,0064;750
185993,4747;750
186002,2086;1547
186016,0128;1322
186044,2412;1036
186059,1099;750
186082,4144;240
186108,6958;30
186109,2222;750
186133,2439;1183
186137,0748;3855
186141,9732;1020
186142,0871;750
186176,6727;30
186189,9996;1970
186190,5572;1183
186246,2535;540
186255,8655;325
186259,2694;1183
186265,5686;2672
186265,7073;1145
186278,5448;2672
186291,3509;2643
186333,2774;990
186351,7142;2078
186387,3196;30
186410,6403;540
186421,8196;1046
186422,9479;1145
186424,1807;900
186441,5642;800
186442,5002;645
186453,1116;1894
186505,8274;165
186537,3912;176
186646,6378;990
186648,8137;1046
186649,3787;540
186743,1704;540
186781,474;1450
186839,1095;165
186863,5464;30
186876,1296;2078
186911,544;645
186933,3695;229
186941,3427;540
186952,6892;1340
186971,9266;1130
186980,3166;1322
186983,0216;2078
187037,5761;628
187042,0204;1322
187072,5632;540
187099,3809;229
187101,8855;540
187108,7763;540
187113,3468;1406
187117,5726;4129
187165,1387;540
187204,951;192
187254,7204;2078
187288,0054;2500
187299,3277;1036
187303,4343;770
187305,2077;2500
187306,491;229
187359,94;1183
187370,2884;2729
187371,5136;540
187373,8667;320
187397,0358;540
187397,1953;2300
187421,7091;520
187426,396;350
187427,322;540
187456,5021;1183
187461,6366;1575
187462,6;540
187475,3824;1450
187526,6733;1937
187533,0349;325
187595,5227;2715
187599,9242;540
187612,0107;1046
187656,1775;990
187664,8579;540
187685,6044;1046
187717,2425;30
187799,8771;1183
187809,6289;900
187852,5876;1430
187858,7065;30
187897,9033;1994
187904,5265;900
187990,4064;1894
187992,3601;229
188012,5846;1036
188021,7025;165
188071,9155;1406
188075,0332;1183
188077,5128;540
188079,8207;1145
188088,0525;1084
188089,2958;540
188108,3826;1084
188118,3643;540
188140,0196;750
188155,8381;2672
188157,3311;1046
188165,9877;1970
188182,6335;730
188197,9593;2078
188215,5668;2643
188221,4171;540
188273,5108;830
188292,1033;1322
188319,6621;540
188350,6457;2643
188366,5584;1340
188376,0254;540
188401,6208;30
188402,9174;645
188407,765;2300
188439,479;80
188465,341;540
188512,9999;800
188580,8415;1020
188584,1328;540
188642,5492;540
188677,3556;1046
188707,7304;1575
188774,3519;1548
188798,0965;540
188804,2338;30
188805,6933;540
188810,5085;645
188832,7055;2078
188867,8031;1046
188880,8386;125
188959,1043;2620
189024,9573;540
189032,1837;30
189038,6289;540
189094,1617;540
189098,43;1183
189132,2461;2078
189158,6561;1084
189183,0001;1046
189200,3065;370
189212,7976;1183
189217,6184;1183
189236,6254;1084
189266,1667;1046
189276,0586;1183
189341,9082;320
189382,6503;540
189400,5589;80
189407,276;1308
189417,3573;1046
189427,7685;1937
189438,3976;1020
189464,7813;350
189468,9316;125
189473,4639;1015
189477,3903;750
189479,7266;1894
189484,6316;750
189513,6009;125
189528,9117;240
189564,5606;2620
189590,7497;1183
189627,7198;1937
189629,518;1046
189637,7273;350
189650,9061;750
189775,3197;3855
189794,2737;125
189823,9987;1322
189856,4349;125
189953,0556;240
189988,8344;30
189993,189;1046
190016,9874;4849
190025,4003;540
190032,4592;1046
190048,2585;540
190049,0615;1046
190099,9288;1020
190100,2694;2620
190110,5034;1015
190128,1166;192
190153,608;1548
190173,8912;2620
190191,1621;125
190192,3191;30
190200,806;1036
190214,5229;2078
190216,681;540
190238,6384;3855
190269,329;2078
190349,7942;540
190404,1956;1046
190404,5101;1970
190413,0802;240
190424,853;540
190467,0277;900
190504,0342;540
190508,858;325
190541,0614;1036
190558,7545;900
190562,2888;2672
190611,4644;1046
190614,1155;240
190637,5128;800
190663,0849;3855
190698,9475;325
190746,6513;540
190755,6016;2300
190762,9816;540
190773,106;2857
190865,5901;1548
190875,9135;145
190884,5745;1548
190909,138;2672
190937,294;1046
190937,7303;1145
190962,5331;540
191001,8693;990
191016,2755;1970
191027,0225;540
191073,2712;750
191083,1152;30
191091,969;30
191145,7907;540
191205,2726;540
191208,1;645
191217,3481;540
191286,8279;1046
191289,9697;325
191320,0507;540
191371,4573;1015
191376,4986;540
191410,5238;1183
191415,4339;540
191423,4058;1970
191426,349;1547
191477,9164;1970
191483,8598;1183
191540,2456;540
191550,1214;2672
191582,8807;705
191608,8532;1406
191668,4001;229
191716,453;229
191744,6154;30
191800,7378;165
191808,0752;730
191814,8365;4087
191826,2578;1145
191935,1652;540
191951,3783;192
191967,107;2672
192022,6846;1046
192023,078;540
192048,4426;540
192054,2296;540
192069,5551;1183
192076,4024;1130
192094,5371;645
192102,1063;1548
192125,2026;1145
192141,9919;229
192261,9633;540
192330,7031;2715
192358,129;320
192358,9507;540
192360,0723;1183
192435,879;325
192467,6958;1994
192484,7436;30
192589,8164;800
192605,5686;2078
192711,5263;540
192713,6335;30
192744,3168;1145
192752,0435;540
192761,9929;1937
192792,7302;4087
192794,9134;1183
192854,9565;1046
192887,1255;1046
192944,3793;540
192999,1615;320
193036,5681;1183
193054,2222;540
193062,4279;1183
193067,1594;262
193088,0539;145
193103,2254;1548
193145,1906;30
193154,277;990
193279,2595;30
193286,0038;1937
193338,6198;125
193355,9969;2857
193361,2298;540
193368,6113;540
193420,4388;1970
193429,0515;125
193439,7894;262
193446,1295;30
193455,8225;900
193484,6706;750
193508,0334;3855
193518,6592;30
193535,1358;30
193566,3257;750
193574,6728;1130
193584,5373;1937
193595,8005;540
193597,5025;540
193615,9038;800
193637,6683;1430
193687,0373;4702
193741,173;1450
193754,4761;4087
193831,8036;750
193869,5203;2300
193885,4996;1046
193885,9181;1046
193981,3435;1145
194036,3646;30
194076,4378;1547
194086,7069;30
194093,4447;2729
194139,2466;990
194240,5345;1937
194253,0692;2300
194313,1829;1548
194327,4937;165
194332,2491;125
194359,8331;325
194385,6964;2672
194401,0745;1084
194442,9445;176
194529,7858;830
194618,9178;750
194636,0257;80
194684,3394;1130
194696,6722;540
194756,0239;540
194853,3292;540
194873,9043;750
194932,3529;2729
195061,1804;705
195100,5887;350
195114,1735;900
195148,8387;2857
195151,0014;990
195198,3435;2643
195257,2248;770
195258,5358;1308
195265,404;1322
195274,4341;30
195372,3121;1547
195424,9867;1015
195426,3569;1015
195431,6062;30
195454,6515;229
195462,3094;900
195462,8714;520
195474,2991;229
195493,3006;540
195504,1879;1894
195507,8803;2857
195522,479;30
195526,3099;240
195534,3617;1940
195791,7447;1548
195807,9135;229
195831,9832;990
195841,3454;1548
195850,336;100
195881,1926;350
195911,7298;2643
195960,2953;30
196083,1952;1015
196084,1773;1036
196094,776;2643
196132,2553;1046
196237,6372;750
196250,2571;1894
196256,1295;2729
196257,4544;46
196260,7167;1575
196273,2399;990
196352,7169;1894
196401,9582;370
196429,6592;32
196438,3552;1937
196494,9679;1322
196611,8156;350
196626,8767;30
196641,4688;320
196667,3865;1340
196684,316;350
196834,9236;1183
196840,6531;1183
196898,9908;900
196934,945;830
196935,0673;125
196986,2424;750
197079,4135;125
197105,5235;229
197106,1825;125
197197,4044;240
197225,7091;2729
197241,1239;1046
197245,2677;1046
197259,1149;830
197269,6825;520
197287,3547;1937
197293,2291;1322
197302,2419;2500
197322,6528;540
197380,4369;2620
197397,8721;2729
197405,3122;1815
197419,0436;1940
197425,0828;750
197433,2282;1575
197434,8687;1036
197456,9208;1548
197468,0387;1046
197485,1468;1015
197513,9302;125
197515,7677;3855
197593,1128;3300
197613,6216;540
197635,3362;2301
197705,8093;2078
197720,2082;4508
197750,1229;240
197761,2169;1046
197781,397;1994
197795,5718;730
197826,6619;1145
197875,3004;645
197881,6276;125
197923,7428;1015
197933,4279;1145
197957,1372;3855
197979,1047;810
197996,686;540
198011,1624;2857
198105,8821;80
198136,4671;800
198137,8338;80
198191,7443;1430
198213,5747;1322
198316,4595;229
198317,9205;2500
198360,8448;1084
198364,952;125
198393,4464;1046
198411,1203;2715
198412,4246;2300
198597,3106;750
198615,0204;30
198633,629;2857
198662,8066;320
198692,7923;229
198695,1457;800
198695,5145;645
198699,4234;1046
198707,1706;125
198721,8817;1575
198786,7767;1046
198819,5116;4129
198873,137;750
198877,3512;229
198891,6016;2078
198935,4169;540
198985,6197;1046
198986,2159;30
198994,2157;1036
199088,4211;750
199090,3202;540
199140,8337;2078
199166,1984;229
199179,7259;900
199224,112;229
199227,6939;4508
199248,1144;176
199260,276;1015
199274,8776;2672
199321,4579;1322
199324,1725;2672
199345,3384;750
199345,9196;1970
199355,1648;1020
199367,9107;1084
199395,9899;1015
199429,6165;2620
199502,2018;30
199513,6932;240
199556,8659;30
199558,7225;2620
199566,0764;810
199613,731;46
199636,9328;4849
199638,923;2729
199663,4456;750
199690,6494;900
199690,7495;1322
199699,6018;1046
199868,1274;2672
199937,0926;730
199944,8589;4508
199970,6763;262
199988,2327;229
200003,7806;80
200019,0135;1183
200049,709;325
200070,6759;30
200106,6697;125
200128,7019;229
200159,5853;540
200163,4492;229
200188,3506;4508
200197,9684;1015
200265,8703;240
200308,9976;1970
200346,4552;1894
200379,4895;2672
200414,4012;145
200417,4523;30
200424,053;2301
200428,0156;192
200428,0579;192
200477,5064;1406
200489,8035;1894
200567,6729;1548
200634,3019;1046
200662,025;1308
200664,9029;1020
200680,3272;1940
200701,5197;1937
200739,4412;30
200759,155;4087
200777,3191;1130
200800,6738;1046
200924,1546;730
200940,8291;2300
201063,1298;240
201105,7459;229
201222,8246;645
201307,9336;3855
201311,7718;4702
201323,7733;240
201357,3482;240
201362,2656;1183
201412,1502;1340
201428,74;2300
201515,3147;830
201524,5685;30
201543,1426;30
201570,4097;192
201571,9829;1548
201616,2739;192
201623,9813;520
201654,7261;1084
201703,7785;2620
201720,4983;900
201727,6743;4508
201788,7109;2300
201802,7119;1894
201808,2395;30
201823,9909;540
201895,8191;1036
201917,7754;1406
201921,4399;145
201925,404;2078
201943,9127;1406
201983,6656;830
201994,1848;1308
201994,8985;1036
201996,6151;705
201996,7976;1084
201999,5682;192
202131,2626;1130
202156,3819;2620
202165,1191;810
202179,2809;2672
202260,7881;1046
202280,2088;540
202303,0743;1084
202321,2315;2300
202485,9346;1015
202533,9706;620
202593,4139;30
202620,3359;2300
202717,1746;1183
202723,2577;176
202803,0194;350
202813,9155;1994
202852,9145;2078
202894,3493;1994
202906,2196;145
202996,8513;1130
203012,0542;540
203027,2183;1015
203027,7448;46
203058,0752;1036
203145,2626;240
203176,2296;2500
203201,6372;1970
203249,9634;1046
203253,927;1046
203275,6844;1036
203302,6431;540
203309,1519;2620
203380,6752;2729
203418,2912;229
203425,3961;1183
203480,081;2643
203496,4228;800
203511,5151;1084
203513,5108;1130
203548,3768;2300
203549,7691;262
203558,7978;1130
203578,3619;1046
203594,4177;730
203629,5725;2729
203635,1586;1322
203657,9428;1145
203671,1753;229
203727,2572;30
203791,1557;2672
203801,768;325
203826,5073;1046
203858,0957;240
203890,8356;1015
203894,3989;2857
203904,5288;30
204007,538;1450
204024,0965;540
204080,9153;30
204101,0927;1937
204113,9989;3855
204126,8477;1130
204141,8253;1406
204205,6549;645
204216,4783;750
204243,5531;1183
204254,1286;1322
204259,6316;990
204268,9224;2078
204406,1225;46
204421,5391;1340
204462,9837;750
204485,2906;1970
204549,5574;900
204550,5489;990
204562,763;1894
204576,4182;2672
204595,1199;1548
204608,4856;1548
204610,6486;705
204632,6397;1894
204655,8266;520
204667,9276;1994
204670,0967;1994
204684,2789;1183
204693,406;2078
204838,0569;628
205003,5769;628
205008,3057;1548
205010,7549;1575
205048,5123;540
205185,1581;1036
205198,1621;1406
205210,0685;1406
205303,2743;1970
205321,6205;240
205370,5706;1340
205372,0353;1046
205516,9572;1894
205517,003;1340
205554,0982;730
205554,8393;2729
205603,2491;1970
205617,756;165
205635,0097;705
205708,0692;1130
205710,5691;1450
205733,8131;2078
205768,692;1406
205807,8684;645
205850,4171;75
205859,6308;705
205873,298;350
205890,6283;540
205911,4066;2729
205935,3848;1970
205976,5752;80
205978,5397;1046
205998,1949;30
206020,8097;540
206106,0438;1322
206112,081;1994
206148,8457;229
206198,2817;30
206269,7617;1145
206441,7187;262
206442,2288;1548
206507,1082;540
206587,0069;810
206610,352;540
206647,2457;540
206824,3177;1036
206832,4108;1450
206855,9152;176
206874,9164;1406
206963,9132;30
206974,6274;145
207053,3939;540
207086,6373;176
207103,2091;80
207183,3075;1145
207209,5205;1183
207240,4625;2672
207248,3705;1046
207260,0164;1015
207309,6002;1015
207383,6689;810
207407,3526;1046
207449,5861;1970
207533,3527;30
207589,3355;200
207613,2652;350
207703,2413;540
207709,8499;540
207717,4187;2300
207816,8832;240
207833,0123;540
207856,7134;2715
207905,691;325
207912,5057;229
207923,6801;540
208049,0521;1894
208053,6933;1970
208128,6585;240
208197,7662;229
208272,1924;540
208323,4312;2729
208333,6939;2857
208397,2994;192
208506,2045;900
208645,7747;1020
208690,3162;30
208732,414;2672
208740,0986;2672
208781,2991;1130
208836,5001;30
208844,9025;2300
208851,4574;1548
208885,909;1970
208896,4958;125
208993,9523;1450
209026,031;30
209133,6601;325
209152,7846;2300
209191,1286;705
209198,0014;540
209292,1275;900
209377,0038;1970
209390,6716;1340
209399,222;2729
209421,8754;2672
209423,3982;192
209426,8888;540
209500,276;1084
209521,7715;192
209570,8261;125
209633,7338;800
209650,8021;1937
209652,8621;2300
209729,9993;1894
209756,3739;1046
209770,972;645
209798,5449;3855
209821,3286;1183
209821,9519;1430
209827,8131;1308
209843,0573;540
209928,5037;540
210079,669;645
210082,7356;540
210275,5083;125
210293,0339;2300
210298,9108;229
210311,4529;620
210318,7403;1046
210345,0483;800
210345,9169;125
210352,1502;229
210411,3443;3855
210510,4554;900
210517,6541;75
210528,3183;1406
210615,5934;320
210694,8501;1036
210702,8686;540
210796,5203;1940
210821,2749;229
210849,6935;1084
210895,4895;229
210944,113;1036
210962,6344;100
210982,6778;540
210993,9671;30
211043,1115;800
211091,5802;325
211131,3531;1575
211197,3025;1130
211301,0098;350
211324,918;540
211333,9811;750
211387,1737;2078
211440,1638;830
211448,4603;192
211449,4267;240
211455,7244;2729
211492,2789;1450
211498,6376;540
211501,7922;1994
211528,0606;900
211552,9521;540
211598,0266;125
211669,1883;240
211707,02;1994
211889,9429;4508
211913,6967;30
211939,7196;2078
211968,6329;770
212021,2583;165
212068,8166;900
212077,2748;240
212130,0067;628
212146,9661;750
212195,0196;540
212265,861;1786
212290,6841;620
212385,7715;1406
212387,3534;540
212448,3937;2300
212466,4329;900
212498,6456;75
212535,4918;229
212629,1259;1406
212668,3365;176
212694,3946;705
212749,6091;1046
212786,0017;1575
212792,2926;1130
212821,6747;165
212825,4245;4129
212840,3435;1340
212864,7991;540
212883,5015;1937
212894,089;2620
213001,5153;1937
213159,2939;262
213169,4443;1450
213171,1352;30
213219,5221;1130
213248,1304;1940
213253,6071;350
213295,2592;1084
213313,4792;165
213343,6887;30
213393,4498;350
213412,4955;1970
213426,1118;125
213450,0176;30
213453,9413;730
213642,3242;2300
213661,2125;900
213678,2048;540
213692,8306;540
213751,65;1015
213784,4322;645
213835,7601;3300
213877,5598;1406
214054,3287;1145
214133,0282;30
214139,5274;1145
214211,3603;2078
214225,3082;2672
214247,7471;229
214254,5541;30
214257,6207;1575
214280,2023;240
214300,5448;2300
214312,1563;830
214324,1319;540
214358,6023;325
214359,9071;800
214400,8792;320
214417,6582;229
214431,0069;1937
214439,6124;2672
214451,0796;1406
214471,0028;4129
214547,3472;2078
214619,1363;2078
214676,5173;1406
214874,3088;192
214874,4862;2301
214944,6196;1894
215046,377;1036
215108,3188;2890
215177,7782;1046
215199,975;1340
215257,0416;200
215334,3544;540
215387,0197;540
215409,8888;990
215410,6674;750
215422,981;540
215428,6526;1145
215447,4533;810
215477,2532;540
215525,7498;100
215544,6892;990
215577,664;540
215668,4236;145
215708,3156;1322
215723,7084;30
215729,4025;1130
215765,7261;1547
215809,4677;229
215837,9352;1406
215838,1867;540
215851,4266;628
215864,3104;4087
215898,4477;990
216075,6978;125
216094,2684;325
216133,4639;900
216138,7023;540
216181,6371;540
216199,8178;540
216218,5919;200
216235,7008;240
216252,1745;176
216276,1737;165
216365,9489;1183
216373,2063;3855
216422,1429;540
216429,3211;705
216432,6442;1322
216505,6759;229
216530,7134;1046
216640,5389;1183
216659,218;125
216660,1938;80
216719,7156;645
216757,8101;350
216816,043;325
216834,0382;30
216835,9494;2672
216956,6185;3300
216961,8138;4129
217009,3385;1183
217039,1646;350
217045,5344;4702
217052,9932;2620
217084,4003;229
217125,3382;325
217202,0648;770
217293,4835;830
217304,1111;540
217344,4551;350
217361,7005;2672
217398,2501;1940
217401,3313;2715
217526,5346;1970
217577,8386;705
217582,0586;540
217600,8743;240
217602,6997;320
217605,425;325
217607,4089;1970
217632,3045;229
217669,1129;540
217682,3601;2300
217739,5703;2672
217799,3861;1084
217805,9758;1084
217826,5685;540
217855,8645;730
218005,5193;620
218026,7448;770
218071,6734;1786
218077,9118;1894
218078,2274;770
218127,6279;1145
218209,5016;540
218230,6967;229
218266,0601;540
218364,7787;620
218372,2261;1145
218392,9343;2078
218409,2635;1145
218414,6731;2890
218448,5681;30
218452,7937;750
218458,3962;4087
218458,4329;800
218475,8831;520
218500,747;540
218501,2977;540
218638,3325;1970
218642,9762;730
218643,6961;1994
218660,4238;30
218695,9871;540
218712,888;1340
218714,0776;30
218730,4647;1340
218825,886;540
218975,3187;1084
219003,7357;645
219007,0912;1970
219075,429;1046
219100,7483;2300
219270,4487;900
219319,5637;2672
219518,2128;540
219547,1929;1322
219577,8304;30
219586,4484;540
219649,6554;1340
219777,0734;628
219823,0286;800
219873,5683;1406
219873,845;2729
219896,892;2078
219909,3691;540
219944,3703;540
219945,3046;540
219971,965;540
220060,505;1548
220064,2873;1548
220109,3874;30
220175,1303;320
220188,6398;540
220191,3221;750
220194,8184;1937
220414,1586;100
220415,0226;1937
220558,5471;30
220566,0571;240
220596,8212;1145
220643,7368;540
220658,1604;750
220719,5758;705
220720,0104;2078
220757,4893;1046
220804,8171;4087
220925,9085;229
220953,534;2301
220991,6021;229
221071,4542;1015
221076,1951;2301
221225,4169;1340
221296,5449;240
221299,4604;229
221303,2916;100
221395,2916;540
221404,0535;3855
221499,5328;540
221502,3494;1020
221578,5741;1894
221585,6626;30
221597,6795;240
221644,9161;540
221645,3322;30
221656,3347;645
221660,2518;2857
221683,6412;540
221709,2986;1340
221778,9157;2500
221807,1126;540
221845,7885;1084
221886,4659;1308
221888,2795;1548
221918,9531;4129
221920,8533;1015
221928,3564;540
221968,0487;628
222008,6899;100
222068,3706;540
222140,5215;540
222147,3348;192
222341,9325;1575
222375,0742;262
222487,634;540
222592,1769;540
222637,3613;2300
222643,1679;1084
222655,4107;229
222686,9888;540
222706,1782;2078
222752,5051;192
222767,7417;2715
222778,3006;1450
222826,7588;540
222840,2427;350
222842,46;540
222876,5902;30
222914,7832;1130
222992,5818;1046
223131,5573;240
223277,8498;830
223383,8928;1970
223396,5377;2078
223436,2989;240
223517,0479;540
223528,9826;1322
223562,7648;1406
223620,3733;540
223678,7392;1015
223792,8227;1406
223834,4354;540
223853,1223;770
223887,5018;540
223906,4001;540
223945,6181;730
223960,2296;2078
223974,0099;750
223985,2258;229
224091,1917;562
224176,4754;1145
224211,2653;1970
224242,5649;2300
224267,1898;176
224277,831;240
224306,4348;750
224325,7981;1130
224358,3681;1340
224361,2839;540
224385,7701;830
224563,8845;540
224564,3114;900
224610,6858;46
224746,8119;1786
224757,9914;645
224767,9454;540
224808,5028;1046
224837,6542;1036
224967,9958;1015
225009,7841;645
225045,4681;1894
225202,0996;30
225251,5591;1036
225281,8426;320
225284,7002;1937
225309,7982;2300
225413,2955;2729
225505,0971;30
225579,8201;540
225680,2955;520
225730,3581;350
225755,8133;30
225889,6912;1937
225954,5527;2078
225960,476;2300
226053,1352;192
226128,2295;830
226129,5264;75
226202,8347;2078
226206,9624;30
226274,8439;620
226390,9881;350
226434,8802;750
226468,3004;325
226513,89;1183
226536,7446;125
226627,3124;4508
226708,4079;2078
226800,9183;240
226810,6926;540
226905,0374;1020
226928,1986;320
227018,8265;2300
227042,8453;1322
227080,7482;1430
227089,736;350
227091,1908;30
227124,4067;730
227143,121;2857
227145,5742;30
227214,3041;628
227221,0404;100
227251,8626;562
227316,8377;620
227334,1495;628
227335,5792;900
227361,5016;145
227402,4676;176
227406,1358;1015
227416,6057;30
227464,0707;75
227510,959;3855
227554,0169;30
227573,4885;30
227600,9619;1130
227713,9073;730
227781,0973;1940
227828,0113;145
227865,9902;2300
227877,9219;1183
227992,4396;1994
228060,1316;2620
228077,5097;1894
228203,4504;325
228337,5184;4508
228361,0652;100
228429,1863;32
228444,6987;325
228489,7123;1322
228492,9399;1084
228501,5171;1183
228628,2257;2643
228669,9411;1046
228688,1472;750
228754,9266;240
228788,5664;730
228791,4029;1183
228803,7878;125
228808,3708;3855
228851,9;1145
228872,1196;1970
228886,0283;1450
228906,0116;30
228956,2049;30
228984,5858;240
229025,0936;1937
229145,858;1937
229163,8988;240
229324,2903;1036
229334,5847;2890
229367,9637;1046
229611,2441;229
229661,9644;1322
229706,685;540
229768,8743;240
229770,3765;1145
229789,8306;240
229829,1741;2300
229847,4132;30
229922,6233;165
229983,5779;1450
230175,1805;2078
230184,5007;1020
230227,0777;1575
230361,7236;30
230372,661;1548
230378,6448;125
230408,7103;4087
230486,634;325
230531,046;1406
230538,1702;1183
230539,3777;2078
230562,2982;1130
230583,7596;620
230594,3331;1308
230797,6462;1183
230916,9596;1548
230923,948;900
230943,8199;240
230989,2735;1548
231043,1192;262
231185,1064;1183
231212,0418;3855
231285,961;1406
231360,1187;4702
231404,7188;2620
231413,2895;240
231537,8312;30
231577,9371;2643
231655,0261;30
231673,0312;1894
231700,1408;1548
231715,7477;830
231778,5011;325
231823,2396;770
231856,8622;1145
231866,1034;3855
231867,2231;350
231908,2781;30
231960,0565;176
231963,8692;645
231972,7435;176
232131,05;900
232136,7784;1145
232156,2893;1183
232214,341;240
232255,1055;30
232305,2686;2300
232327,6813;46
232341,0696;229
232368,7185;620
232372,1593;176
232379,315;1036
232539,2028;1015
232547,2113;240
232586,7582;1308
232601,2682;262
232617,5997;192
232754,8823;229
232760,4729;1894
232766,1025;262
232872,4736;350
232979,496;620
232991,7524;2890
233005,926;810
233171,2286;2300
233331,0773;1046
233366,4;730
233426,879;830
233488,3429;620
233500,3414;4129
233599,116;350
233656,034;628
233683,3544;730
233717,2987;520
233742,5561;229
233753,8776;628
233803,2104;240
233974,1278;830
233975,9147;165
234024,6271;240
234032,8362;770
234193,3427;620
234208,2525;645
234248,4238;750
234334,4688;540
234382,7451;800
234749,3645;520
234825,1453;2300
234845,9586;628
234884,0275;2672
234885,5272;32
234971,0139;1450
234988,2285;2643
234999,6739;2300
235037,7582;4508
235038,0514;229
235205,592;1894
235321,3253;30
235364,2843;30
235441,4286;350
235450,6195;2857
235516,4219;192
235531,2563;240
235554,9385;1046
235582,0637;2300
235588,6605;810
235659,0015;30
235693,748;520
235696,5079;350
235776,1489;80
235852,7466;30
235924,1341;2620
235946,8918;645
236093,1056;520
236124,7353;2300
236130,6897;240
236229,9629;2672
236247,1977;3300
236448,58;1046
236505,3647;192
236541,3555;30
236557,2332;1970
236574,5872;30
236662,5198;100
236778,3306;1406
236804,28;350
236829,1692;46
236830,7646;1046
236928,7232;325
236932,9476;2643
236999,6274;30
237152,4435;800
237213,0919;30
237314,7087;1020
237414,1188;1308
237513,6069;1786
237651,0493;810
237699,7918;240
237718,7208;1308
237726,2615;770
237772,0685;80
237878,3267;645
237880,1528;125
237969,1443;1046
238031,8992;1322
238073,4024;176
238084,2083;30
238120,4875;145
238135,7508;800
238229,0241;30
238328,5375;1084
238412,558;262
238561,871;240
238591,8151;75
238603,9724;30
238608,6627;4508
238622,0933;125
238675,5087;240
238766,8248;2078
238770,3613;350
238992,1043;4129
239013,6966;240
239024,8972;705
239029,783;2857
239038,59;46
239061,9686;520
239277,4537;1183
239331,0506;350
239422,8089;1322
239493,0097;1786
239534,7921;2672
239736,0587;229
239739,5355;1322
239740,1145;30
239768,6846;900
239840,3232;620
239854,9677;1183
239933,0525;240
239938,1361;1183
240010,2777;2301
240019,7924;730
240055,2793;125
240064,6171;4129
240222,7462;540
240259,0402;1406
240308,6185;990
240359,4805;1994
240371,5226;830
240474,0578;1940
240510,6968;1084
240680,8956;520
240704,618;30
240738,1337;645
240772,9516;1548
240804,6979;2300
240812,4311;1575
240824,0897;2300
240832,7235;30
240871,2298;2643
240950,0916;1548
240956,1745;830
240993,585;1046
241069,9425;30
241097,753;1145
241131,7339;750
241209,5812;810
241241,4747;2078
241366,9904;990
241377,9017;240
241391,3436;30
241394,877;1183
241419,5969;240
241426,3961;750
241451,9691;80
241567,4391;1970
241626,1497;1130
241669,1367;770
241677,5411;125
241718,0995;1340
241747,9463;30
241930,1745;2300
241941,3072;2301
241964,5082;730
242003,2982;46
242067,7349;562
242133,2457;1130
242176,334;350
242183,7744;1322
242356,4082;240
242370,8402;2715
242525,4654;1020
242625,9647;229
242651,622;1340
242672,4528;990
242866,6334;229
242891,4285;628
242957,8016;350
242977,6507;1308
243028,6031;2857
243040,1377;3300
243114,2228;229
243134,5926;2300
243275,4672;240
243370,8105;520
243393,9089;620
243420,1791;30
243454,7598;990
243462,5395;240
243511,0535;262
243529,5046;2300
243531,4904;800
243600,6488;1937
243611,2567;4087
243697,5451;176
243712,5168;1145
243727,2667;2890
243738,6664;320
243744,3605;240
243806,6258;165
243824,793;30
243907,1176;2620
243986,354;645
244045,7184;2300
244124,4244;2729
244149,8992;165
244161,1196;2729
244233,7801;1894
244348,9505;1036
244351,4102;1548
244361,514;2300
244785,3448;2857
244900,2503;2857
245064,472;1183
245086,4178;229
245157,9991;229
245219,1854;1340
245401,5766;2300
245700,4517;350
245743,4081;645
245768,0962;2715
245793,3528;1548
245985,0504;1036
246071,3012;30
246074,15;1894
246097,5528;1450
246200,2669;1575
246327,5137;1145
246354,0827;520
246405,8672;1940
246473,4388;645
246542,319;30
246620,7684;2857
246709,4288;30
246745,7249;2715
246773,5506;1036
246792,7004;1994
246799,5899;229
246800,1553;30
246818,9066;562
246956,3241;562
247024,3217;240
247036,7571;2729
247065,2286;240
247070,1157;100
247074,5648;229
247187,599;262
247204,8172;229
247308,6063;830
247485,467;2300
247498,5814;30
247601,2622;1406
247613,5797;30
247637,482;2300
247758,8736;770
247782,6835;1130
247858,8501;628
247894,557;4849
247964,9818;350
247980,2752;229
248000,6718;240
248095,7906;1406
248195,7581;2715
248303,911;2078
248381,1647;920
248501,6687;750
248753,3421;145
248771,3312;705
248885,4057;240
249031,975;1322
249044,2557;2300
249049,7591;30
249096,1796;4087
249122,4396;1970
249400,9792;990
249604,5258;2890
249667,0529;4087
249741,064;1183
249831,9953;1340
249964,3653;2500
249990,7225;165
250014,9109;1340
250072,8035;1084
250188,5928;750
250332,2281;900
250371,0891;540
250391,9878;3300
250434,8699;145
250474,3158;325
250690,4854;2500
250741,8806;990
250824,6871;30
250830,6769;900
250913,1531;730
250918,2814;1894
250971,6639;2300
251121,6668;1937
251133,1445;990
251156,2939;1130
251249,3657;229
251356,3965;1145
251416,9621;1340
251609,0174;80
251614,5715;3855
251900,555;320
252195,6771;3300
252199,2684;1450
252283,2596;1575
252438,0712;2078
252480,4001;30
252481,9083;1406
252509,328;1548
252551,9583;1994
252599,5299;620
252679,3852;32
252808,3843;30
252902,0363;628
253044,0715;350
253077,2231;2301
253250,7341;810
253259,449;100
253399,8937;262
253489,8358;125
253675,4638;2643
253797,5395;2643
253856,0711;30
253983,9523;125
254023,507;1322
254023,54;2301
254065,7663;30
254067,6691;1940
254084,5344;262
254145,8703;1046
254236,3251;2301
254320,2478;900
254391,2733;705
254409,638;540
254573,5679;900
254688,1169;80
254692,4198;2300
254827,0168;30
254883,091;1970
254911,4852;229
254959,5539;2301
254966,7981;30
255033,7309;628
255107,3621;229
255216,6298;4508
255420,5655;229
255479,6019;75
255580,6402;229
255884,7733;3300
255907,3207;810
256075,502;1575
256118,7371;1130
256244,7789;1145
256252,2834;2643
256303,828;30
256402,0868;350
256504,2438;30
256535,0571;800
256650,6581;520
256683,6672;2300
257050,9763;2643
257122,7908;900
257350,6562;900
257428,9943;705
257484,7831;1406
257515,5143;3855
257520,3196;4129
257563,1901;1450
257673,5686;705
257764,0494;176
257885,1617;810
257959,4162;1322
257965,6984;1940
257967,3222;4508
257998,1959;770
258091,8837;2643
258092,8741;520
258113,6952;176
258182,6752;1894
258478,477;1130
258636,0989;2715
258719,2887;2300
258731,5351;125
258786,5989;4087
258927,2667;750
259061,9982;1183
259125,2171;1015
259147,7809;2300
259183,4737;1308
259213,1438;1430
259233,3075;830
259343,3538;2300
259358,658;2729
259387,8345;30
259418,6401;1940
259439,4356;30
259507,9407;1145
259551,291;75
259562,4369;1084
259681,4441;1308
259696,7131;30
259788,2131;1406
259916,0447;2715
260146,7257;1575
260147,2818;3855
260200,1507;750
260231,5652;810
260328,4134;705
260402,1788;325
260422,3862;1406
260449,0382;1940
260476,119;1970
260501,5325;4129
260509,9115;100
260563,6027;1145
260593,9623;1894
260776,9138;2715
260791,8739;1183
260824,2165;705
260848,6411;2672
260852,231;990
260863,6817;1145
260902,7475;240
261051,1863;1308
261074,437;125
261085,982;229
261095,8344;229
261125,6697;4129
261178,5297;900
261337,7687;705
261592,775;80
261605,3983;1548
261768,7829;1322
261826,9222;320
261893,0473;240
262041,0989;229
262065,8976;325
262315,0974;229
262573,389;30
262616,8425;2300
262758,8458;1036
262780,1654;1015
262794,6357;1036
262995,4848;2672
263000,3603;1894
263206,2232;229
263489,8763;240
263541,9489;750
263580,9161;262
263678,5883;1308
263687,9033;350
263780,3749;176
263892,4891;705
263915,6093;320
264144,7308;30
264602,8178;229
264619,926;1937
264622,7392;30
264686,6123;830
264758,8768;1815
264800,4336;1046
265002,2831;1430
265016,172;1322
265063,0376;1430
265166,527;125
265343,2291;2620
265361,5912;4508
265393,2433;1130
265516,3911;229
265563,5822;145
265601,3504;2643
265992,0737;1145
266008,9775;1020
266034,3948;2301
266056,1769;30
266084,3293;2620
266085,9136;3855
266202,1424;229
266349,8004;990
266599,1782;229
266621,1104;176
266628,8148;2715
266629,6161;30
266657,9558;540
266989,0161;2300
267131,1768;1020
267166,9247;1940
267416,6485;705
267645,8503;1015
267748,0053;750
267767,6732;80
267785,6256;1894
267866,0727;1322
267929,2513;2857
267947,6759;1937
267965,5573;1130
268138,6703;1970
268170,8508;30
268176,092;30
268190,4879;1548
268191,6151;990
268256,9666;4702
268297,1714;1145
268393,8782;2300
268419,6753;165
268429,8463;30
268535,1555;3300
268708,7169;1894
268711,9245;262
268723,1577;1183
268864,4905;750
268882,0699;1322
269128,3192;520
269153,9262;176
269381,3514;176
269603,2162;4702
269643,2962;1308
269680,6382;628
269691,7295;2301
269701,0159;1450
269750,7787;520
269775,8129;30
269840,5334;2857
269844,2323;325
269859,7625;705
269904,74;900
270071,6195;1406
270325,6118;1575
270468,5904;192
270475,6538;1322
270486,0377;1015
270612,1485;325
270687,9027;562
270794,7141;229
270880,4068;1406
271050,0228;1036
271214,0425;1020
271249,5184;540
271283,8823;2300
271366,3518;1015
271387,1321;1406
271601,0263;705
271737,0952;1940
272087,7931;240
272097,7716;1036
272357,5101;645
272398,7217;30
272415,7526;1970
272459,3108;1786
272468,6988;30
272539,0516;628
272583,8555;2300
272663,0654;990
272697,889;2890
272783,8796;2300
272987,5206;2300
273289,9648;990
273388,9942;1183
273531,2644;1145
273560,1226;2890
273562,932;2300
273567,8545;2890
273656,8862;2715
273668,1661;229
273703,3614;176
273846,1038;2715
274139,0659;645
274453,1753;645
274570,7175;1145
274720,1182;1970
274749,2426;2729
274769,0598;900
274959,6725;900
274992,4724;1786
275055,1822;1940
275056,5308;240
275123,6398;520
275489,8077;240
275544,2431;240
275696,3379;990
275717,9809;30
275743,944;229
275945,1887;2620
275986,118;2620
276023,6361;1970
276096,0607;1894
276313,7453;4508
276423,7362;176
276441,3101;810
276500,9131;3855
276552,4131;30
276667,9984;229
276683,0713;620
277001,7929;165
277153,8013;229
277189,1794;229
277204,3674;2715
277290,7051;200
277408,1672;1130
277415,993;1406
277487,6203;229
277669,5421;1015
277741,5891;240
277786,0156;30
277818,3896;30
277865,2857;1970
278015,4214;1970
278126,8235;4508
278443,3226;2300
278600,6712;830
278639,4823;1046
278649,4344;1046
278975,6739;100
278999,6065;176
279119,9134;2643
279157,1714;350
279522,7374;350
279593,6287;240
279638,1203;1815
279968,5497;229
280196,6098;229
280202,2015;705
280212,2594;229
280222,6092;1406
280267,8723;4849
280529,2709;705
280540,0225;4087
280585,0209;229
280654,4921;1406
280746,2598;2890
280842,6729;229
280848,7146;1940
280930,7332;30
281272,4367;4087
281356,0469;80
281535,5781;1340
281742,9571;1406
281895,5801;1970
281911,678;1015
281981,0939;176
281985,9859;1308
282030,1698;320
282078,7209;240
282108,191;1450
282265,4943;770
282277,5057;2643
282286,269;1406
282403,6583;520
282595,0482;350
283099,0497;705
283279,786;628
283300,6404;2729
283334,4967;229
283410,5702;3300
283417,8631;145
283576,1368;80
283758,8714;750
283867,4556;262
283877,6171;2301
283908,6142;3855
283929,0144;1894
283974,775;2857
284057,2687;810
284310,0121;2300
284327,5604;1145
284330,1599;125
284539,8651;30
284603,2023;705
284608,9393;562
284635,9549;830
284884,9591;562
284889,7729;1970
285114,3085;192
285165,8979;176
285184,6335;628
285568,5192;1322
285774,6506;1145
285934,2011;645
286070,7221;2890
286117,2024;1406
286137,554;1340
286171,7784;2857
286215,8636;4702
286233,9949;2300
286274,3427;1548
286282,4431;1036
286312,3893;1308
286325,097;2857
286341,2286;3300
286353,073;1308
286385,5653;705
286488,1747;1130
286576,5602;2715
286621,2021;3855
286784,1058;229
286819,3542;350
286893,7263;1183
287056,0125;2890
287236,1374;30
287236,8773;2672
287262,7649;2078
287326,1239;2620
287607,3361;1020
287645,5472;2301
287707,9847;750
287713,4153;800
287786,5215;165
287806,6934;705
287840,3925;2672
287922,5624;229
287940,7219;770
288447,831;2300
288452,2107;4087
288455,111;192
288806,4517;520
288815,6653;900
288922,9704;1183
289034,3919;2857
289152,4258;3855
289185,6415;1036
289807,2718;1145
290192,8665;30
290320,8725;705
290493,5531;1406
290498,702;1308
290513,4647;165
290525,2236;2300
290941,5094;229
290946,3064;1548
290958,6894;2643
291058,0809;4087
291530,4691;1450
291544,4812;125
291635,2275;125
291851,4435;1894
291872,4137;1406
292148,248;30
292150,6261;145
292188,4856;2300
292432,9636;1548
292466,1071;100
292871,4646;830
293050,6229;1145
293082,5099;4849
293122,5289;2857
293232,2518;1046
293240,6192;192
293249,1068;2300
293459,2054;990
293475,7016;3300
293594,1053;229
293722,1775;176
293788,0742;2715
294050,4068;2300
294083,55;75
294281,0603;125
294282,7214;229
294343,7659;240
294348,5765;1575
294405,8995;990
294520,661;1894
294656,8488;229
294673,2059;229
294694,7413;4087
294702,62;125
294802,6421;1547
294828,3738;730
294877,0401;2301
295004,8657;1450
295062,9734;2300
295253,3095;4129
295264,5498;30
295304,012;192
295357,2065;1015
295513,9552;2643
295545,8301;229
295713,6807;229
295961,3254;2672
295961,9367;990
296127,1155;2643
296128,608;705
296134,3282;1894
296165,9367;1084
296550,5646;1970
296586,1457;4129
296659,6789;730
296674,6546;325
296679,9103;2672
297163,9839;562
297190,7976;192
297336,5522;229
297365,8286;4087
297390,681;229
297720,3133;628
297735,2549;192
297749,6036;628
298166,4133;176
298194,5028;4129
298194,5132;2643
298237,1065;2672
298885,6602;320
298947,3227;2643
298957,1309;1340
299099,1458;165
299177,5026;1020
299204,8116;2715
299346,5441;1575
299475,8818;30
299500,1276;2672
299589,2313;2620
299622,0441;4087
299857,8047;176
300001,9275;562
300009,4501;240
300164,3497;830
300235,668;1450
300568,872;1046
300585,2575;1322
300677,0784;30
301088,9557;2300
301201,174;192
301242,8518;240
301517,9101;2672
301800,1568;1015
301856,4972;2301
302025,349;750
302065,2961;2301
302175,1189;240
302203,0252;810
302416,0057;2620
302428,2814;30
302537,6278;176
302539,8812;30
302642,7443;1548
302929,1089;145
302975,215;325
302977,1979;176
303190,3519;1340
303229,2908;645
303328,0321;176
303386,4655;1340
303394,0997;2301
303409,6418;1340
303698,7756;2300
303995,5188;730
304161,0432;2301
304383,0094;2672
304576,0273;2715
304608,2696;229
304787,6626;30
304852,9156;1340
304991,6732;1970
305054,4967;830
305406,3862;1786
305421,6724;1575
305559,0289;165
305614,7823;229
305618,7787;1020
305673,9362;628
305732,5863;2300
305780,1873;1406
305857,9985;1322
305942,9361;990
306248,3005;325
306528,4975;145
307297,0468;1340
307321,7399;229
307491,7885;165
307600,4167;2301
307709,9848;4087
307829,6273;2300
308098,19;2857
308100,3606;1308
308108,2339;1940
308416,2788;1020
308656,4197;1340
308901,352;229
309354,7207;562
309690,9816;900
309837,5082;240
309871,4366;1547
309988,2395;2300
310005,6487;830
310139,6598;4849
310275,6507;325
310305,0747;4508
310453,2186;1183
310566,0642;46
310655,7002;2300
310887,9118;350
310891,0241;2301
311010,3204;900
311242,4259;1894
311333,3013;990
311453,9332;30
311482,9246;628
311640,062;4087
311756,1858;30
311895,4415;262
311918,7638;176
312132,0077;192
312739,5117;350
312926,6901;30
313068,8656;2300
313078,0157;620
313090,9081;705
313163,3564;730
313273,3222;192
313452,5352;1340
313456,6003;1548
313497,4663;1548
313557,2125;2300
313755,9896;145
313758,0666;30
313802,3378;2300
314013,1011;1308
314057,5163;1322
314128,578;4129
314334,9194;1322
314360,9278;165
314422,367;2643
314432,0111;165
314720,3704;165
314948,1994;2715
315065,6623;1970
315095,8255;1894
315397,4577;229
315704,3365;1940
316077,4227;1145
316085,4657;229
316102,8689;4129
316106,2299;32
316414,7807;2672
316834,5312;2620
316852,1691;4508
316908,458;2300
316951,4115;645
316991,4563;2300
317086,2117;1970
317168,1291;4508
317253,7447;145
317296,3053;990
317505,9793;645
317565,8055;645
317648,066;830
317697,404;520
317732,4588;1815
318154,4752;830
318227,4257;229
318473,0835;1450
318654,5636;705
318772,3747;176
318781,8275;145
318852,573;176
319240,3034;240
319579,4654;2301
319659,3248;100
319736,5869;562
320070,4852;990
320186,3578;562
320187,3293;125
320399,9318;1084
320495,2275;229
320641,0617;1322
320875,1743;176
320990,6906;1015
321106,3061;1145
321130,4811;900
321152,7974;320
321403,4848;830
321488,5604;1450
321506,2771;628
321703,5946;1015
321773,7556;1970
321914,5857;229
321975,3644;240
322147,2085;229
322213,2517;4508
322335,3702;1940
322544,3716;1970
323233,7788;810
323287,0682;1548
323304,615;2620
323430,3309;192
324027,4408;2300
324251,2913;1815
324342,2197;165
324687,5354;2301
324798,3143;810
324892,1099;176
324910,7586;2620
325404,2041;750
325461,1577;350
325950,6248;2729
325999,4861;1020
326021,1056;920
326174,1752;176
326449,6273;229
326736,6846;30
326766,6065;1450
326786,6734;192
326791,7146;2300
326881,1456;830
327011,5406;229
327115,1855;1145
327577,3256;920
328320,5496;176
328346,4375;990
328454,4461;705
328458,6538;325
328648,1285;1322
328708,2763;705
329623,5896;1970
329629,7673;900
329910,4478;80
330117,6877;2300
330243,4996;1937
330434,2228;770
330459,6913;1450
330553,7346;1970
330587,3179;2300
330909,503;3300
331120,5391;705
331166,2216;1322
331278,1403;2500
331677,13;3855
331781,8417;4508
331897,52;30
331938,9191;229
332119,8821;1308
332361,2362;240
332394,8438;750
332425,2752;1970
332447,0848;2672
332689,7689;2890
332722,9089;1322
332870,9375;1406
333225,1223;192
333466,6147;2301
333643,0372;1145
333862,6312;145
333865,747;1020
333877,7047;1548
333932,6216;1894
334046,722;2500
334325,644;2620
334328,5902;2857
334440,5204;4129
334503,5774;262
335134,45;1046
335317,7711;100
335388,1497;229
335452,158;2643
335590,277;1406
335614,7309;2078
335781,7794;325
335785,7785;2620
336055,5772;240
336106,6563;750
336305,979;1020
336401,9093;1937
336584,1181;4702
337093,8568;810
337170,8801;1894
337231,5868;145
337450,0473;1084
337684,9598;3300
338025,6928;229
338046,6503;730
338317,8183;2890
338474,7456;145
338588,2539;1970
338641,2403;2672
338780,7983;192
338792,8449;3855
338855,2326;30
338988,1768;2301
338994,3278;1322
339097,7267;830
339228,8238;2857
339230,9315;350
339414,55;830
339574,0319;2301
339627,0902;705
339743,4659;2620
339782,2133;240
339844,4616;350
339905,02;2620
339930,9526;750
340197,3008;30
340273,2383;1340
340359,2049;645
340550,4776;80
340609,4639;2300
340799,795;520
340932,7999;562
341111,8632;176
341186,5881;2300
341297,3172;1145
341383,1147;1940
341421,7918;4129
341613,2945;750
341669,4531;192
341698,9327;80
341929,0036;1015
342223,0338;645
342522,4992;192
342575,5542;2300
342922,2115;1340
343470,5003;125
343760,8136;125
343789,1884;2857
343812,4943;562
343928,4995;705
344183,2399;176
344285,3166;520
344367,5016;2643
344513,1191;2301
344562,6624;176
344603,6052;1940
344923,2973;1322
345232,2823;229
345310,952;705
345555,9094;176
345691,1527;229
345723,4853;1994
345886,6822;730
346391,3109;229
346490,8777;770
346494,2836;229
346739,4098;2620
346799,145;1036
346974,5481;30
347508,6248;4508
347550,7668;4129
347736,9689;30
347780,9142;1450
348054,6889;2300
348336,3228;30
348547,0765;1308
348780,3772;176
348962,8613;145
348985,1201;229
349187,7338;2715
349269,0533;229
349370,325;2857
349701,0537;990
349860,9743;2890
350049,9092;46
350486,3691;2301
350661,4605;1036
350956,5088;2857
351021,7973;145
351058,3114;3855
351111,9943;645
351385,7305;229
351890,8647;165
352123,6315;176
352168,956;2643
352313,9025;1036
352506,8582;2857
352568,9502;2301
352671,4297;229
352702,6357;1450
353595,7869;2300
353681,8403;2890
353797,7096;1970
353868,1803;2301
353927,7347;1548
354114,655;46
354283,3833;1145
354412,6227;520
354454,1245;830
354499,5466;30
354706,6771;1183
354783,0872;145
354787,3474;1937
354879,4032;176
355123,951;350
355171,6484;2300
355241,8434;4129
355472,0483;262
355550,6776;1020
355933,7596;350
356169,2686;750
356579,9634;165
356687,9294;2729
356722,4731;325
356879,0084;1084
357335,8609;229
357531,2514;990
357546,5115;1894
357934,7894;562
358025,0516;192
358359,0535;262
358394,8499;1547
358656,7725;1046
358673,7464;1084
358752,6606;1450
358884,6259;80
358898,7572;3300
358940,1626;30
358958,7847;1575
359065,2872;229
359248,3452;520
359306,3996;176
359462,8244;229
359947,6953;4702
359978,7589;192
360107,8255;229
360202,4117;1036
360625,5002;320
360914,0985;562
361112,8433;1036
361357,1623;30
361430,2856;192
361461,2015;176
361464,3724;350
361718,422;350
361744,2695;1183
361876,3578;1894
362108,4338;320
362165,367;1084
362271,0466;1940
362394,7852;3300
362498,3068;176
362500,1836;1322
362621,5372;1970
362698,8134;4849
362893,562;830
362927,5189;1815
362991,331;1815
363009,5298;1970
363178,9334;2300
363435,1217;2301
363907,4521;46
364020,4185;1020
364034,1476;2672
364306,8841;229
364570,7451;176
364660,2269;4849
364968,7567;2300
365023,2659;46
365098,3934;810
365184,9779;770
365466,2161;176
365592,7901;1970
366340,8376;100
366400,9365;145
366504,9719;46
366701,0987;176
366916,2465;176
366925,2739;2500
367106,4598;145
367188,5107;1940
367189,5082;1894
367223,3534;1406
367317,2968;3300
367353,5746;645
367865,7004;1046
368177,488;620
368586,5016;562
368588,1509;30
368706,5146;2857
368733,5653;830
368750,8465;2500
369192,9003;262
369204,2476;830
369472,4031;2643
370121,2774;1970
370148,6253;900
370546,3411;1322
370625,2251;2300
371261,4181;1894
371472,1303;176
372468,3976;520
372616,456;75
373077,8653;2620
373291,3306;900
373659,1379;520
373850,0763;2620
374010,2671;520
374073,8368;2300
374107,03;2300
374737,6587;2300
375533,6643;229
375823,7232;3300
376123,9991;262
376419,5358;4129
376628,6776;2620
376746,4395;920
377637,0662;645
377848,7487;2672
377934,0056;262
378215,0643;1406
378581,5412;2890
378901,9743;46
378906,3796;900
378929,8718;1450
378955,0925;32
379135,5742;229
379370,2492;2672
379403,2053;350
379723,1716;620
379841,4479;4508
379876,1808;1406
379936,1389;4508
380162,2861;2078
380287,4223;800
380359,113;2301
380765,5436;4702
380878,5137;2300
381206,774;229
381301,2346;628
381565,1711;80
381880,5441;46
381937,4042;1940
381975,5122;770
382297,9932;1046
382744,7293;1940
382951,8943;620
383231,0082;1430
383231,9609;4129
383458,5295;2300
383565,6151;2301
383615,7811;46
383774,7156;75
383841,928;750
384070,3576;2715
384184,6129;2890
384285,0068;2300
384342,6881;1046
384475,3707;46
384813,9365;2300
384840,1858;2857
385774,0022;2301
385779,1585;176
386091,0761;145
386205,843;325
386269,7294;800
386346,4943;2300
386773,8369;46
387107,5502;46
387360,8068;262
387406,6239;1020
387442,8858;4849
387448,9189;350
387464,4679;165
387514,9371;3300
387845,7962;145
388255,7166;2672
388441,7837;2620
388760,1191;990
389554,0635;830
389809,8956;900
389814,1118;1046
389921,5999;176
389942,5328;320
390411,0249;176
390535,4159;4702
390721,2835;705
391080,5628;176
391183,5022;4508
391390,2618;1183
392798,073;1183
393210,9448;3300
393799,5317;830
394195,8555;350
394253,3;2300
394502,8525;830
394691,7848;1036
394749,6667;1575
394888,7401;229
394927,3233;1308
395069,0726;1084
395086,4292;1450
395152,2961;2301
395301,0922;1036
395402,9603;900
395735,2532;262
396107,4786;165
396141,9035;800
396313,0289;46
396365,6738;1036
396689,3088;1183
396825,9431;145
397220,3147;2672
397264,7783;1145
397417,3945;100
397528,7361;562
397618,1241;645
398342,8996;229
398740,6772;1970
399599,7025;1046
400237,5428;1547
400617,1381;645
400651,0481;2729
400989,1936;3300
401305,567;750
401316,4699;229
402075,431;2300
402216,5434;1937
402234,3417;176
402332,4915;1450
402378,8485;520
402907,3905;165
402933,0338;3300
403657,9206;1145
403670,6668;229
403979,0599;1994
404355,8478;990
404721,398;1340
404790,5638;1940
404824,8217;2672
404855,2632;176
405779,4323;1020
406384,4452;165
407783,0709;1340
408260,9935;900
408520,9583;262
408749,0836;1145
408842,542;1145
409567,9483;350
409728,6805;990
409862,3957;350
410299,9566;1786
410343,1238;2620
410366,363;3300
410839,1296;2672
411373,4192;830
411442,8363;2857
411691,5048;1786
411838,4005;262
412237,6926;46
412245,7139;1322
412668,437;46
412841,1719;1340
413152,8767;80
413245,4045;2672
413262,2833;562
413594,2475;520
413742,1151;3300
413970,3048;2672
414025,486;1308
414194,2853;1020
414520,6338;229
415070,4709;1894
415251,3543;75
415428,2698;3300
415574,1158;4087
415613,5584;2301
415837,1765;1894
416058,1828;830
416188,7019;1786
417268,8035;46
417308,9935;2729
417583,5375;645
418134,9087;2715
418211,3485;900
418817,4025;1046
418932,183;2672
419692,978;830
419785,4998;176
420583,7921;2857
420616,8709;920
421756,2901;2500
421851,9536;1046
422341,9948;645
422447,8509;830
422637,7947;2857
422792,1161;1145
423176,9149;705
423184,9401;46
423357,5707;262
423443,4644;1340
423580,478;1786
423796,8397;4129
423845,4594;830
424047,7111;1145
424346,4347;3300
424539,4046;2672
425037,6418;520
425040,6942;830
425080,9453;920
425716,952;830
425837,405;4702
425905,8071;830
426186,4093;1815
426593,2612;1940
426601,1389;520
426958,0794;645
427418,9989;176
427473,9219;1970
427526,0036;830
427613,4104;2857
427873,8404;30
428351,4367;2300
428767,2643;2643
429548,1945;2672
430041,0719;1450
430313,9821;2620
430767,107;3855
431137,9516;645
431238,467;0
431521,2903;645
431701,9148;562
431812,7428;2500
432132,5747;350
432546,1297;1815
432885,1113;165
434949,3928;520
435462,0481;520
436112,3424;800
436260,0346;520
436302,5762;770
437239,7727;830
437452,9715;645
437758,2824;1036
437797,9267;520
437913,1875;1340
438061,7033;4702
438480,1326;30
438708,7076;645
439076,9175;2500
439468,0286;620
440677,8627;1340
440809,0743;1450
441040,664;620
441313,8302;46
441533,4209;1020
442173,4756;770
442267,0003;4849
443013,5626;46
443270,8175;2890
443365,4965;2620
443720,4292;2301
444344,8233;4508
445074,9566;1994
445424,5642;920
445728,0919;1940
445920,6201;1940
447734,9093;1046
447933,5571;1020
448123,2948;645
448138,3725;46
448241,0593;262
448317,2235;350
448706,9029;2729
449776,1044;350
450121,3188;1084
450706,5527;176
451014,5785;1406
451714,4644;176
451810,0613;2672
452295,3945;325
452351,0203;350
452421,2507;3300
452630,9396;192
452719,6194;1322
452985,5167;562
453286,7648;100
453963,3406;2620
454057,7764;830
454899,8858;350
455264,8827;4508
455932,1946;562
456417,4288;1046
456877,3467;800
457744,4634;920
458289,1453;125
458641,1549;176
459012,1344;4508
460008,0639;1970
460488,6708;4508
460492,0109;830
461303,9219;520
461461,6842;350
461678,7384;2729
462278,4628;2857
462613,6414;75
463063,1573;350
463351,8798;4849
464351,2821;705
465934,4343;562
466730,8053;645
467642,0083;46
468039,0755;2500
468765,6796;350
469353,4958;3300
469497,5352;46
469792,4559;770
469907,902;920
470547,9794;46
471668,7341;262
471833,7875;1084
471844,0972;628
473590,8883;562
473592,6824;2301
473609,9729;46
474500,5856;350
474624,2255;1340
474671,8449;4849
474866,0821;176
475135,922;176
475193,7674;2300
476109,8668;176
476843,9424;1046
477008,2228;920
477092,0068;176
477665,5829;2620
477797,3556;1406
478782,4884;100
479328,442;1970
479525,1473;2890
479612,5252;4849
479670,0914;920
480227,2662;4702
480684,2602;350
480940,0758;1548
481666,4675;3855
482603,5436;1450
482683,5758;1046
482696,83;4702
482763,1617;176
482975,9649;1340
483283,4881;520
483365,3106;1084
485380,1495;2301
485520,9885;46
486057,1299;2890
486460,3951;2890
487997,9988;920
488762,8067;1970
491296,2452;645
491816,4042;1970
492700,2575;176
492943,2529;229
493265,9117;46
493707,3557;2672
494516,342;46
494730,425;2301
494904,0821;1940
494940,959;1450
495110,6502;750
496026,6712;165
496978,3669;2301
496995,4519;770
497262,3929;192
497530,7784;830
497573,3889;3300
497830,3136;1894
498380,8033;620
499136,5368;2890
499407,4944;830
500488,961;2300
502085,8602;4702
502813,7727;645
502864,7769;1815
503712,154;4702
504820,0579;176
505102,538;2620
505464,8844;46
505477,6278;262
506174,9931;3300
506353,5777;176
506757,4509;2300
507552,247;4702
507621,5643;1970
508141,0905;46
508664,1177;262
509162,4166;520
509182,9575;4129
509980,7417;4702
510700,4447;3855
512797,3734;2620
513239,4991;1020
513832,4677;46
514137,3388;830
514738,2046;1894
514801,7447;46
516315,7706;4129
517263,4076;3300
517817,163;1046
518163,4285;1046
518952,6672;770
519710,5428;100
520238,7059;3300
521829,5504;1046
521919,0574;2857
522197,036;145
524279,2402;176
524781,0184;562
525449,0741;100
526125,2683;176
526438,4589;4702
526680,9186;520
526712,6846;46
526817,5633;2857
527120,8365;770
527497,2238;145
528015,4259;3300
530284,4275;920
531049,722;3300
533717,9262;920
535019,8061;705
536020,2603;2300
536549,4184;705
536670,6728;125
537669,7919;3855
537979,6575;4702
538574,7754;1970
541113,9518;2620
541173,3194;4702
542015,6618;770
542760,8859;46
542945,9187;2301
544073,1783;176
544167,7666;2620
546812,0999;176
547434,907;46
547586,0801;830
548502,0374;125
552454,3387;1786
552515,5195;1046
554809,4113;2300
555661,944;4702
556053,8205;3300
557202,3514;145
558262,1391;830
559886,9653;1970
560453,4148;46
561876,2025;4702
564216,2333;1575
565355,939;2620
566435,1535;1046
566715,5165;75
570559,4031;1036
571069,0526;645
573451,6558;920
573539,702;1940
573999,4591;3300
574631,3341;1046
577122,8417;645
578160,3143;1970
578599,0345;46
579727,7479;262
581926,2859;4508
585031,2672;645
585105,2287;192
586061,6784;620
589179,4812;176
594565,2998;705
595468,0776;4702
595472,7902;2300
597921,0091;1575
598541,3464;4849
600903,8286;770
601914,0146;2672
606958,9375;4508
608674,1305;192
611250,912;1970
617749,1186;4702
620399,2803;350
621002,9127;645
624008,5358;100
624156,0034;4129
624549,3545;830
624680,0991;2672
625678,645;1046
625820,0412;645
627525,0728;3300
633233,4666;1940
